,Aqueous species id,Compound name,Charge,ΔfG° (kJ/mol),ΔfH° (kJ/mol),ΔfS° (kJ/K/mol),Cp° (kJ/K/mol),compound_id,dgf_obs
0,CHB_16039_-5,ITP,-5,-2925.31,-3794.65,-2.915780647,,CHB_16039,-2925.31
1,CHB_17111_-5,5-phospho--D-ribose 1-diphosphate,-5,-3284.25,,,,CHB_17111,-3284.25
2,CHB_15713_-4,UTP,-4,-3313.8995440000003,-4121.942912,-2.71026228,-0.01886984,CHB_15713,-3313.8995440000003
3,CHB_18077_-4,dTTP,-4,-3180.23748,-3989.209696,-2.71339572,0.011045760000000002,CHB_18077,-3180.23748
4,CHB_17625_-4,dUTP,-4,-3173.622576,-3945.771408,-2.58986244,-0.05388992,CHB_17625,-3173.622576
5,CHB_17677_-4,CTP,-4,-3099.1641120000004,-3922.483264,-2.76150878,-0.01167336,CHB_17677,-3099.1641120000004
6,CHB_16474_-4,NADPH,-4,-3024.8,-4284.09,-4.2238335,0.495,CHB_16474,-3024.8
7,CHB_15996_-4,GTP,-4,-2996.191688,-3872.467728,-2.9391093,0.10610624,CHB_15996,-2996.191688
8,CHB_16039_-4,ITP,-4,-2982.9,-3818.6,-2.802951534,,CHB_16039,-2982.9
9,CHB_16311_-4,dCTP,-4,-2958.8871440000003,-3746.31176,-2.64110894,-0.050207999999999996,CHB_16311,-2958.8871440000003
10,CHB_16497_-4,dGTP,-4,-2853.814352,-3711.0322720000004,-2.8751934599999998,0.0677808,CHB_16497,-2853.814352
11,CHB_15422_-4,ATP,-4,-2749.046992,-3595.160576,-2.83795586,0.08928656000000001,CHB_15422,-2749.046992
12,CHB_40595_-4,"D-fructose 1,6-bisphosphate",-4,-2601.4,-3343.25,-2.488177092,,CHB_40595,-2601.4
13,CHB_16284_-4,dATP,-4,-2601.326688,-3419.675248,-2.7448357,0.052718400000000006,CHB_16284,-2601.326688
14,CHB_17808_-4,IDP,-4,-2066.44,-2797.18,-2.450913969,,CHB_17808,-2066.44
15,CHB_18361_-4,diphosphate,-4,-1919.86,-2293.47,-1.2530940801609929,-0.5819944,CHB_18361,-1919.86
16,CHB_17111_-4,5-phospho--D-ribose 1-diphosphate,-4,-3325.23,,,,CHB_17111,-3325.23
17,CHB_28907_-4,"2,3-Bisphosphoglycerate",-4,-2356.14,,,,CHB_28907,-2356.14
18,CHB_15713_-3,UTP,-3,-3357.413144,-4114.035152,-2.5377978,0.27543272,CHB_15713,-3357.413144
19,CHB_18077_-3,dTTP,-3,-3223.54188,-3980.758016,-2.53980156,0.30534832,CHB_18077,-3223.54188
20,CHB_17625_-3,dUTP,-3,-3217.136176,-3937.863648,-2.4173979599999997,0.23852984000000002,CHB_17625,-3217.136176
21,CHB_17677_-3,CTP,-3,-3142.803232,-3915.161264,-2.59055054,0.28384256,CHB_17677,-3142.803232
22,CHB_16474_-3,NADPH,-3,-3065.93,-4288.29,-4.100033499999999,0.7088,CHB_16474,-3065.93
23,CHB_18009_-3,NADP,-3,-3052.63,-4249.53,-4.0145535,0.4694,CHB_18009,-3052.63
24,CHB_15996_-3,GTP,-3,-3039.830808,-3865.145728,-2.7681929,0.399572,CHB_15996,-3039.830808
25,CHB_16039_-3,ITP,-3,-3026.28,-3812.25,-2.636156297,,CHB_16039,-3026.28
26,CHB_16311_-3,dCTP,-3,-3002.526264,-3738.9897600000004,-2.47019254,0.24610288,CHB_16311,-3002.526264
27,CHB_16497_-3,dGTP,-3,-2897.453472,-3703.7102720000003,-2.70427706,0.36513767999999996,CHB_16497,-2897.453472
28,CHB_15422_-3,ATP,-3,-2792.9789920000003,-3589.3029760000004,-2.67097242,0.38840072000000003,CHB_15422,-2792.9789920000003
29,CHB_16284_-3,dATP,-3,-2645.262872,-3413.817648,-2.5778522600000002,0.35208360000000005,CHB_16284,-2645.262872
30,CHB_40595_-3,"D-fructose 1,6-bisphosphate",-3,-2639.36,-3341.45,-2.354821399,,CHB_40595,-2639.36
31,CHB_17659_-3,UDP,-3,-2458.735968,-3138.0418400000003,-2.2784896399999996,0.06727871999999999,CHB_17659,-2458.735968
32,CHB_18075_-3,dTDP,-3,-2325.0739040000003,-3005.3086240000002,-2.28158124,0.09614832000000001,CHB_18075,-2325.0739040000003
33,CHB_28850_-3,dUDP2-,-3,-2318.459,-2961.870336,-2.1580898000000004,0.030334,CHB_28850,-2318.459
34,CHB_17239_-3,CDP,-3,-2244.0005360000005,-2938.5821920000003,-2.3296943000000003,0.07736216,CHB_17239,-2244.0005360000005
35,CHB_17552_-3,GDP,-3,-2141.0281120000004,-2888.566656,-2.50733666,0.19192008,CHB_17552,-2141.0281120000004
36,CHB_17808_-3,IDP,-3,-2121.01,-2825.88,-2.3641455639999998,,CHB_17808,-2121.01
37,CHB_28846_-3,dCDP,-3,-2103.723568,-2762.410688,-2.2093363,0.044726959999999996,CHB_28846,-2103.723568
38,CHB_28862_-3,dGDP,-3,-1998.6507760000002,-2727.1312000000003,-2.4434208199999996,0.15263232,CHB_28862,-1998.6507760000002
39,CHB_18361_-3,diphosphate,-3,-1973.86,-2294.87,-1.076672815696797,-0.1200808,CHB_18361,-1973.86
40,CHB_16761_-3,ADP,-3,-1893.883416,-2611.259504,-2.40618322,0.17380336,CHB_16761,-1893.883416
41,CHB_16174_-3,dADP,-3,-1746.163112,-2435.774176,-2.31306306,0.13769544,CHB_16174,-1746.163112
42,CHB_18021_-3,phosphoenolpyruvate,-3,-1263.65,-1621.38,-1.1998322989999999,,CHB_18021,-1263.65
43,CHB_17202_-3,IMP,-3,-1200.43,-1799.61,-2.009659567,,CHB_17202,-1200.43
44,CHB_30769_-3,citrate,-3,-1161.85496,-1521.93,-1.20770408,0.30995072,CHB_30769,-1161.85496
45,CHB_26078_-3,orthophospate,-3,-1025.491,-1284.4,-0.8683850410867013,-0.47831488,CHB_26078,-1025.491
46,CHB_17794_-3,(R)-3-phosphoglycerate,-3,-1502.54,,,,CHB_17794,-1502.54
47,CHB_18110_-3,3-phosphonooxypyruvate,-3,-1448.67,,,,CHB_18110,-1448.67
48,CHB_16087_-3,isocitrate,-3,-1156.04,,,,CHB_16087,-1156.04
49,CHB_16383_-3,cis-aconitate,-3,-917.13,,,,CHB_16383,-917.13
50,CHB_17111_-3,5-phospho--D-ribose 1-diphosphate,-3,-3363.42,,,,CHB_17111,-3363.42
51,CHB_28907_-3,"2,3-Bisphosphoglycerate",-3,-2401.58,,,,CHB_28907,-2401.58
52,CHB_15811_-3,O-phospho-L-serine,-3,-1305.2,,,,CHB_15811,-1305.2
53,CHB_15713_-2,UTP,-2,-3383.353944,-4130.352752000001,-2.50549732,0.44672568,CHB_15713,-3383.353944
54,CHB_18077_-2,dTTP,-2,-3249.48268,-3997.0756160000005,-2.50750108,0.47584632000000004,CHB_18077,-3249.48268
55,CHB_17625_-2,dUTP,-2,-3243.0769760000003,-3954.1812480000003,-2.3851393200000004,0.40986464,CHB_17625,-3243.0769760000003
56,CHB_17677_-2,CTP,-2,-3168.744032,-3931.478864,-2.5582919,0.45413136000000004,CHB_17677,-3168.744032
57,CHB_18009_-2,NADP,-2,-3093.75,-4253.74,-3.8906535,0.6832,CHB_18009,-3093.75
58,CHB_16474_-2,NADPH,-2,-3078.31,-4280.34,-4.0318335,0.8362,CHB_16474,-3078.31
59,CHB_15996_-2,GTP,-2,-3065.771608,-3881.4633280000003,-2.73593426,0.56877296,CHB_15996,-3065.771608
60,CHB_16311_-2,dCTP,-2,-3028.4670640000004,-3755.3073600000002,-2.4378920600000002,0.41660087999999995,CHB_16311,-3028.4670640000004
61,CHB_16497_-2,dGTP,-2,-2923.3942720000005,-3720.027872,-2.67197658,0.53446416,CHB_16497,-2923.3942720000005
62,CHB_15422_-2,ATP,-2,-2818.9197919999997,-3605.6205760000003,-2.63867194,0.55810376,CHB_15422,-2818.9197919999997
63,CHB_40595_-2,"D-fructose 1,6-bisphosphate",-2,-2673.89,-3339.65,-2.232969982,,CHB_40595,-2673.89
64,CHB_16284_-2,dATP,-2,-2671.1994879999997,-3430.135248,-2.54555178,0.5217866400000001,CHB_16284,-2671.1994879999997
65,CHB_17659_-2,UDP,-2,-2499.655488,-3133.5231200000003,-2.1260665199999997,0.34346456000000003,CHB_17659,-2499.655488
66,CHB_18075_-2,dTDP,-2,-2366.0771040000004,-3000.245984,-2.12710796,0.37233415999999997,CHB_18075,-2366.0771040000004
67,CHB_28850_-2,dUDP2-,-2,-2359.37852,-2957.351616,-2.00566668,0.30651984000000004,CHB_28850,-2359.37852
68,CHB_17239_-2,CDP,-2,-2284.9618960000003,-2932.975632,-2.17350558,0.34974056000000003,CHB_17239,-2284.9618960000003
69,CHB_16908_-2,NADH,-2,-2194.26,-3276.6,-3.6302755,0.7414,CHB_16908,-2194.26
70,CHB_17552_-2,GDP,-2,-2182.031312,-2882.3743360000003,-2.3490559400000004,0.46823144,CHB_17552,-2182.031312
71,CHB_17808_-2,IDP,-2,-2161.99,-2820.28,-2.207915479,,CHB_17808,-2161.99
72,CHB_28846_-2,dCDP,-2,-2144.684928,-2756.804128,-2.05310574,0.31375815999999995,CHB_28846,-2144.684928
73,CHB_28862_-2,dGDP,-2,-2039.653976,-2720.9388799999997,-2.2850982600000003,0.42890184000000003,CHB_28862,-2039.653976
74,CHB_18361_-2,diphosphate,-2,-2012.21,-2295.37,-0.949723293644139,0.0736384,CHB_18361,-2012.21
75,CHB_16761_-2,ADP,-2,-1935.305016,-2607.744944,-2.2554337,0.45015656000000004,CHB_16761,-1935.305016
76,CHB_16174_-2,dADP,-2,-1787.584712,-2432.259616,-2.16231354,0.41383944,CHB_16174,-1787.584712
77,CHB_4170_-2,D-glucose 6-phosphate,-2,-1763.94,-2276.44,-1.718933423,,CHB_4170,-1763.94
78,CHB_61553_-2,D-fructose 6-phosphate,-2,-1760.8,-2265.17,-1.691665269,,CHB_61553,-1760.8
79,CHB_43896_-2,D-mannose 6-phosphate,-2,-1759.87,-2273.71,-1.723427805,,CHB_43896,-1759.87
80,CHB_16695_-2,UMP,-2,-1600.04528,-2155.312288,-1.86244884,0.15141896,CHB_16695,-1600.04528
81,CHB_35425_-2,D-ribose 1-phosphate,-2,-1587.7,-2041.48,-1.521985578,,CHB_35425,-1587.7
82,CHB_52742_-2,D-ribose 5-phosphate,-2,-1582.57,-2041.48,-1.5401479999999999,0.03138,CHB_52742,-1582.57
83,CHB_63528_-2,dTMP,-2,-1466.383216,-2022.5790720000002,-1.8655822800000001,0.18012119999999998,CHB_63528,-1466.383216
84,CHB_17622_-2,dUMP,-2,-1459.7683120000002,-1979.140784,-1.742049,0.11447424,CHB_17622,-1459.7683120000002
85,CHB_17361_-2,CMP,-2,-1385.309848,-1955.85264,-1.91369534,0.15777864,CHB_17361,-1385.309848
86,CHB_15978_-2,sn-glycerol 3-phosphate,-2,-1358.96,-1724.59,-1.226329029,,CHB_15978,-1358.96
87,CHS_8149841_-2,nicotinamide mononucleotide(reduced),-2,-1323.09,-1919.06,-1.999027,0.1191,CHS_8149841,-1323.09
88,CHB_18021_-2,phosphoenolpyruvate,-2,-1303.61,-1619.58,-1.0597685730000002,,CHB_18021,-1303.61
89,CHB_17345_-2,guanosine 5 '-phosphate,-2,-1282.337424,-1906.5483840000002,-2.09368074,0.27534904,CHB_17345,-1282.337424
90,CHB_17202_-2,IMP,-2,-1255.42,-1834.71,-1.9429481800000001,,CHB_17202,-1255.42
91,CHB_15918_-2,dCMP,-2,-1243.77768,-1779.6811360000002,-1.7932955,0.11769592,CHB_15918,-1243.77768
92,CHB_30769_-2,citrate,-2,-1198.3687280000001,-1518.5702480000002,-1.07398344,0.38107872000000004,CHB_30769,-1198.3687280000001
93,CHB_16192_-2,dGMP,-2,-1139.960088,-1745.112928,-2.0297649,0.23601944,CHB_16192,-1139.960088
94,CHB_26078_-2,orthophospate,-2,-1096.1,-1299.0,-0.6805299345966795,-0.24250464,CHB_26078,-1096.1
95,CHB_16027_-2,AMP,-2,-1035.192728,-1628.195232,-1.98901274,0.25806912,CHB_16027,-1035.192728
96,CHB_17713_-2,dAMP,-2,-887.472424,-1452.709904,-1.89589258,0.22183568000000004,CHB_17713,-887.472424
97,CHB_16810_-2,2-oxoglutarate,-2,-793.41,-1044.06,-0.840684219,,CHB_16810,-793.41
98,CHB_30744_-2,keto-oxaloacetate,-2,-793.29,-959.9,-0.558812678,,CHB_30744,-793.29
99,CHB_16189_-2,sulfate,-2,-744.45912,-909.6016000000001,-0.5542099999839012,-0.26936592000000004,CHB_16189,-744.45912
100,CHB_30031_-2,succinate,-2,-687.76592,-909.3924000000001,-0.743716,-0.211292,CHB_30031,-687.76592
101,CHB_30794_-2,malonic acid,-2,-685.1718400000001,-874.456,-0.6353288,-0.27363360000000003,CHB_30794,-685.1718400000001
102,CHB_17859_-2,glutaric acid,-2,-683.95848,-937.8017600000001,-0.8521032000000001,-0.16610480000000002,CHB_17859,-683.95848
103,CHB_16995_-2,oxalate-2,-2,-674.0424,-825.0848000000001,-0.506864,-0.3066872,CHB_16995,-674.0424
104,CHB_30832_-2,H-adipate-,-2,-666.88776,-953.03152,-0.9604904000000001,-0.0991608,CHB_30832,-666.88776
105,CHB_30531_-2,H-pimelate-,-2,-664.67024,-983.07264,-1.0688776,-0.0242672,CHB_30531,-664.67024
106,CHB_9300_-2,suberic acid,-2,-648.3944799999999,-999.05552,-1.1772648,0.07865920000000001,CHB_9300,-648.3944799999999
107,CHB_48131_-2,azelaic acid,-2,-628.1439200000001,-1011.10544,-1.285652,0.16736,CHB_48131,-628.1439200000001
108,CHB_41865_-2,sebacic acid,-2,-617.72576,-1032.9459200000001,-1.3940392,0.25606080000000003,CHB_41865,-617.72576
109,CHB_29806_-2,fumarate,-2,-601.87,-777.39,-0.588696965,,CHB_29806,-601.87
110,CHB_17544_-2,bicarbonate,-2,-527.81,-677.14,-0.5008552741908435,-0.290788,CHB_17544,-527.81
112,CHB_16298_-2,D-mannitol-1-phosphate,-2,-1793.58,,,,CHB_16298,-1793.58
113,CHB_17044_-2,D-sorbitol 6-phosphate,-2,-1793.1,,,,CHB_17044,-1793.1
114,CHB_16077_-2,glucose 1-phosphate,-2,-1756.87,,,,CHB_16077,-1756.87
115,CHB_4141_-2,D-galactose 6-phosphate,-2,-1756.81,,,,CHB_4141,-1756.81
116,CHB_37480_-2,D-galactose 1-phosphate,-2,-1756.69,,,,CHB_37480,-1756.69
117,CHB_35374_-2,D-mannose 1-phosphate,-2,-1754.56,,,,CHB_35374,-1754.56
118,CHB_16938_-2,"D-glucono-1,5-lactone 6-phosphate",-2,-1746.08,,,,CHB_16938,-1746.08
119,CHB_86279_-2,D-arabinose 5-phosphate,-2,-1598.34,,,,CHB_86279,-1598.34
120,CHB_17363_-2,D-ribulose 5-phosphate,-2,-1595.32,,,,CHB_17363,-1595.32
121,CHB_17709_-2,adenylyl sulfate,-2,-1541.98,,,,CHB_17709,-1541.98
122,CHB_17835_-2,2-phospho-D-glycerate,-2,-1539.99,,,,CHB_17835,-1539.99
123,MAN_10201_-2,2-deoxy-D-ribose 5-phosphate,-2,-1447.92,,,,MAN_10201,-1447.92
124,CHB_11563_-2,2-deoxy--D-ribose 1-phosphate,-2,-1439.84,,,,CHB_11563,-1439.84
125,CHB_15811_-2,O-phospho-L-serine,-2,-1360.75,,,,CHB_15811,-1360.75
126,CHB_16108_-2,glycerone phosphate,-2,-1296.26,,,,CHB_16108,-1296.26
127,CHB_29052_-2,D-glyceraldehyde-3-phosphate,-2,-1288.6,,,,CHB_29052,-1288.6
128,CHB_15350_-2,acetyl phosphate,-2,-1219.49,,,,CHB_15350,-1219.49
129,CHB_17742_-2,4-hydroxy-2-oxoglutarate,-2,-951.78,,,,CHB_17742,-951.78
130,CHB_30934_-2,(R)-2-methylmalate,-2,-843.9,,,,CHB_30934,-843.9
131,CHB_30719_-2,2-methylmaleate,-2,-600.7,,,,CHB_30719,-600.7
132,CHB_30780_-2,maleate,-2,-592.09,,,,CHB_30780,-592.09
133,CHB_28907_-2,"2,3-Bisphosphoglycerate",-2,-2436.0,,,,CHB_28907,-2436.0
134,CHB_17794_-2,(R)-3-phosphoglycerate,-2,-1545.52,,,,CHB_17794,-1545.52
135,CHB_18110_-2,3-phosphonooxypyruvate,-2,-1484.2,,,,CHB_18110,-1484.2
136,CHB_16087_-2,isocitrate,-2,-1192.57,,,,CHB_16087,-1192.57
137,CHB_7815_-2,oxalosuccinate,-2,-1138.88,,,,CHB_7815,-1138.88
138,CHB_15589_-2,(S)-malate,-2,-842.66,-1079.79,,,CHB_15589,-842.66
139,CHB_32797_-2,hydroxyglutarate,-2,-840.18,,,,CHB_32797,-840.18
140,CHB_16283_-2,cystine,-2,-571.1,,,,CHB_16283,-571.1
141,CHB_17561_-2,L-cysteine,-2,-232.8,,,,CHB_17561,-232.8
142,CHB_17368_-2,hypoxanthine,-2,209.1,,,,CHB_17368,209.1
143,CHB_15713_-1,UTP,-1,-3394.650744,-4124.076752,-2.4465866000000003,0.69964848,CHB_15713,-3394.650744
144,CHB_18077_-1,dTTP,-1,-3260.77948,-3990.7996160000002,-2.4485903600000003,0.72897832,CHB_18077,-3260.77948
145,CHB_17625_-1,dUTP,-1,-3254.373776,-3947.905248,-2.32618676,0.66312216,CHB_17625,-3254.373776
146,CHB_17677_-1,CTP,-1,-3180.040832,-3925.202864,-2.49933934,0.7085185600000001,CHB_17677,-3180.040832
147,CHB_18009_-1,NADP,-1,-3106.14,-4245.79,-3.8225535,0.8106,CHB_18009,-3106.14
148,CHB_16474_-1,NADPH,-1,-3091.7,-4278.25,-3.9799335,0.919,CHB_16474,-3091.7
149,CHB_15996_-1,GTP,-1,-3077.068408,-3875.1873280000004,-2.6769817,0.8234948799999999,CHB_15996,-3077.068408
150,CHB_16311_-1,dCTP,-1,-3039.763864,-3749.0313600000004,-2.3789813399999997,0.67086256,CHB_16311,-3039.763864
151,CHB_16497_-1,dGTP,-1,-2934.691072,-3713.751872,-2.6130658600000003,0.78935344,CHB_16497,-2934.691072
152,CHB_15422_-1,ATP,-1,-2830.216592,-3599.3445760000004,-2.57976122,0.8117796800000001,CHB_15422,-2830.216592
153,CHB_16284_-1,dATP,-1,-2682.4962880000003,-3423.859248,-2.48659922,0.77525336,CHB_16284,-2682.4962880000003
154,CHB_17659_-1,UDP,-1,-2523.504288,-3151.9327200000002,-2.10782428,0.46404744,CHB_17659,-2523.504288
155,CHB_18075_-1,dTDP,-1,-2389.925904,-3018.655584,-2.10886572,0.49291704000000003,CHB_18075,-2389.925904
156,CHB_28850_-1,dUDP2-,-1,-2383.2273200000004,-2975.761216,-1.98742444,0.42710272000000005,CHB_28850,-2383.2273200000004
157,CHB_17239_-1,CDP,-1,-2308.810696,-2951.385232,-2.15526334,0.47032344,CHB_17239,-2308.810696
158,CHB_15846_-1,NAD,-1,-2216.73,-3247.06,-3.4559954999999998,0.71,CHB_15846,-2216.73
159,CHB_16908_-1,NADH,-1,-2207.65,-3274.51,-3.5783755,0.8247000000000001,CHB_16908,-2207.65
160,CHB_17552_-1,GDP,-1,-2205.8801120000003,-2900.7839360000003,-2.3308137,0.58881432,CHB_17552,-2205.8801120000003
161,CHB_28846_-1,dCDP,-1,-2168.5337280000003,-2775.213728,-2.0348634999999997,0.43434104,CHB_28846,-2168.5337280000003
162,CHB_28862_-1,dGDP,-1,-2063.5027760000003,-2739.34848,-2.26685602,0.54948472,CHB_28862,-2063.5027760000003
163,CHB_18361_-1,diphosphate,-1,-2025.11,-2290.37,-0.8896863994633575,0.1564816,CHB_18361,-2025.11
164,CHB_16761_-1,ADP,-1,-1959.153816,-2626.1545440000004,-2.23719146,0.5706976,CHB_16761,-1959.153816
165,CHB_16174_-1,dADP,-1,-1811.433512,-2450.7445279999997,-2.1440713000000002,0.53438048,CHB_16174,-1811.433512
166,CHB_4170_-1,D-glucose 6-phosphate,-1,-1800.59,-2274.64,-1.589971491,,CHB_4170,-1800.59
167,CHB_43896_-1,D-mannose 6-phosphate,-1,-1796.63,-2271.9,-1.594063391,,CHB_43896,-1796.63
168,CHB_61553_-1,D-fructose 6-phosphate,-1,-1796.6,-2263.37,-1.565554251,,CHB_61553,-1796.6
169,CHB_16695_-1,UMP,-1,-1637.91048,-2150.626208,-1.7197326,0.3725852,CHB_16695,-1637.91048
170,CHB_35425_-1,D-ribose 1-phosphate,-1,-1625.88,-2030.18,-1.356028845,,CHB_35425,-1625.88
171,CHB_52742_-1,D-ribose 5-phosphate,-1,-1623.7,-2045.69,-1.4163379999999999,0.2515,CHB_52742,-1623.7
172,CHB_63528_-1,dTMP,-1,-1504.415776,-2018.227712,-1.72340996,0.40166399999999997,CHB_63528,-1504.415776
173,CHB_17622_-1,dUMP,-1,-1497.800872,-1974.789424,-1.5998766800000002,0.35451032000000005,CHB_17622,-1497.800872
174,CHB_17361_-1,CMP,-1,-1423.175048,-1950.20424,-1.76788294,0.37907040000000003,CHB_17361,-1423.175048
175,CHB_15978_-1,sn-glycerol 3-phosphate,-1,-1397.04,-1722.79,-1.092570854,,CHB_15978,-1397.04
176,CHS_8149841_-1,nicotinamide mononucleotide(reduced),-1,-1357.39,-1915.55,-1.8721269999999999,0.3404,CHS_8149841,-1357.39
177,CHB_16171_-1,nicotinamide mononucleotide,-1,-1345.55,-1889.52,-1.824547,0.08778,CHB_16171,-1345.55
178,CHB_17345_-1,guanosine 5 '-phosphate,-1,-1320.411824,-1900.481584,-1.94565082,0.4955948,CHB_17345,-1320.411824
179,CHB_17202_-1,IMP,-1,-1293.84,-1829.31,-1.79597518,,CHB_17202,-1293.84
180,CHB_15918_-1,dCMP,-1,-1283.0654399999999,-1775.329776,-1.6511231800000001,0.36183232000000004,CHB_15918,-1283.0654399999999
181,CHB_30769_-1,citrate,-1,-1225.543808,-1521.00952,-0.99101472,0.42877632000000004,CHB_30769,-1225.543808
182,CHB_16192_-1,dGMP,-1,-1177.9926480000001,-1740.761568,-1.88759258,0.45630704000000005,CHB_16192,-1177.9926480000001
183,CHB_26078_-1,orthophospate,-1,-1137.3,-1302.6,-0.5544189166526917,-0.02874408,CHB_26078,-1137.3
184,CHB_16027_-1,AMP,-1,-1069.501528,-1624.680672,-1.8621538599999998,0.47860776000000005,CHB_16027,-1069.501528
185,CHB_17713_-1,dAMP,-1,-925.5217200000001,-1448.358544,-1.7537202600000001,0.4422488,CHB_17713,-925.5217200000001
186,CHB_15589_-1,(S)-malate,-1,-872.68,-1079.95,-0.6951869860000001,,CHB_15589,-872.68
187,CHB_16189_-1,sulfate,-1,-755.7559200000001,-889.1,-0.4475179999873553,0.0221752,CHB_16189,-755.7559200000001
188,CHB_30031_-1,succinate,-1,-719.89904,-909.3924000000001,-0.6361872,0.03891120000000001,CHB_30031,-719.89904
189,CHB_30794_-1,malonic acid,-1,-717.68152,-869.6444,-0.5102272,-0.023430399999999997,CHB_30794,-717.68152
190,CHB_17859_-1,glutaric acid,-1,-714.87824,-935.41688,-0.7403904,0.08409840000000002,CHB_17859,-714.87824
191,CHB_29985_-1,L-glutamate,-1,-699.60664,-979.6836000000001,-0.93935826,0.0317984,CHB_29985,-699.60664
192,CHB_29991_-1,L-aspartate,-1,-699.43928,-939.47536,-0.8051139399999999,0.011296800000000001,CHB_29991,-699.43928
193,CHB_16995_-1,oxalate-2,-1,-698.338888,-818.3904,-0.40306400000000003,-0.0681992,CHB_16995,-698.338888
194,CHB_30832_-1,H-adipate-,-1,-697.7656800000001,-950.31192,-0.8479407999999999,0.15104240000000002,CHB_30832,-697.7656800000001
195,CHB_30531_-1,H-pimelate-,-1,-695.6318400000001,-979.22336,-0.952144,0.225936,CHB_30531,-695.6318400000001
196,CHB_9300_-1,suberic acid,-1,-679.2305600000001,-996.33592,-1.0647152000000002,0.3288624,CHB_9300,-679.2305600000001
197,CHB_48131_-1,azelaic acid,-1,-658.93816,-1008.21848,-1.172684,0.41756319999999997,CHB_48131,-658.93816
198,CHB_41865_-1,sebacic acid,-1,-648.68736,-1030.22632,-1.2810712000000002,0.506264,CHB_41865,-648.68736
199,CHB_29806_-1,fumarate,-1,-628.14,-774.46,-0.490759685,,CHB_29806,-628.14
200,CHB_17544_-1,bicarbonate,-1,-586.77,-691.99,-0.35290960925708537,-0.03539664000000001,CHB_17544,-586.77
201,CHB_16004_-1,(R)-lactate,-1,-512.66552,-686.46888,-0.5835184,0.1117128,CHB_16004,-512.66552
202,CHB_29805_-1,glycolate,-1,-506.97528000000005,-647.2648,-0.4709472,0.027196,CHB_29805,-506.97528000000005
203,CHB_1148_-1,2-hydroxybutanoate,-1,-504.38120000000004,-710.48504,-0.6919056,0.2004136,CHB_1148,-504.38120000000004
204,CHB_60647_-1,2-hydroxypentanoic acid,-1,-497.05920000000003,-735.42168,-0.8002928,0.2891144,CHB_60647,-497.05920000000003
205,CHB_86542_-1,2-hydroxyhexanoic acid,-1,-487.6452,-758.30816,-0.9086799999999999,0.3778152,CHB_86542,-487.6452
206,CHB_73752_-1,2-hydroxyheptanoic acid,-1,-479.068,-781.9896,-1.0170672,0.46651600000000004,CHB_73752,-479.068
207,CHB_15361_-1,pyruvate,-1,-472.27,-596.22,-0.415730337,,CHB_15361,-472.27
208,CHB_86543_-1,2-hydroxyoctanoic acid,-1,-470.49080000000004,-805.71288,-1.1254544000000002,0.5552168,CHB_86543,-470.49080000000004
209,CHB_73753_-1,2-hydroxynonanoic acid,-1,-461.99728000000005,-829.478,-1.2338415999999999,0.6439176,CHB_73753,-461.99728000000005
210,PBC_21488_-1,2-hydroxydecanoic acid,-1,-453.46192,-853.24312,-1.3422288,0.7326184,PBC_21488,-453.46192
211,CHB_27869_-1,Monochloroacetic acid,-1,-388.52624,-500.78296,-0.3764973,0.03891120000000001,CHB_27869,-388.52624
212,CHB_30089_-1,acetate,-1,-369.32168,-486.01344,-0.391392,0.025940800000000003,CHB_30089,-369.32168
213,CHB_17272_-1,propionate,-1,-363.08752000000004,-513.08392,-0.503536,0.1292856,CHB_17272,-363.08752000000004
214,CHB_17596_-1,inosine,-1,-358.02,-792.74,-1.4580580239999998,,CHB_17596,-358.02
215,CHB_30772_-1,butanoate,-1,-354.17560000000003,-538.1879200000001,-0.6177808,0.18618800000000002,CHB_30772,-354.17560000000003
216,CHB_15740_-1,formate,-1,-350.878608,-425.42912,-0.24957200000000002,-0.092048,CHB_15740,-350.878608
217,CHB_17418_-1,pentanoic acid,-1,-345.72392,-562.2459200000001,-0.7270048,0.2941352,CHB_17418,-345.72392
218,CHB_30776_-1,hexanoic acid,-1,-336.77016000000003,-585.21608,-0.8341368,0.37656,CHB_30776,-336.77016000000003
219,CHB_17895_-1,L-tyrosine,-1,-332.12592000000006,-625.17328,-0.98289106,0.21422080000000002,CHB_17895,-332.12592000000006
220,CHB_45571_-1,heptanoic acid,-1,-328.5486,-609.27408,-0.942524,0.46526080000000003,CHB_45571,-328.5486
221,CHB_28837_-1,n-octanoic acid,-1,-321.20568,-634.2107199999999,-1.0509112,0.535552,CHB_28837,-321.20568
222,CHB_15428_-1,glycine,-1,-314.97152,-469.8632,-0.5197265,-0.0276144,CHB_15428,-314.97152
223,CHB_29019_-1,nonanoic acid,-1,-312.83768,-656.84616,-1.1592984,0.6426624000000001,CHB_29019,-312.83768
224,CHB_16977_-1,L-alanine,-1,-312.37744,-505.84560000000005,-0.6489905,0.0744752,CHB_16977,-312.37744
225,CHB_30813_-1,n-decanoic acid,-1,-303.17264,-680.7368,-1.2676856,0.7322000000000001,CHB_30813,-303.17264
226,CHB_32368_-1,undecanoic acid,-1,-294.59544,-704.4600800000001,-1.3760728,0.8200640000000001,CHB_32368,-294.59544
227,CHB_17561_-1,L-cysteine,-1,-288.36128,-483.00096,-0.65276066,0.0757304,CHB_17561,-288.36128
228,CHB_30805_-1,1-dodecanoic acid,-1,-286.06008,-728.18336,-1.4844600000000001,0.8819872000000001,CHB_30805,-286.06008
229,CHB_18019_-1,L-lysine,-1,-277.44104000000004,-612.28656,-1.12307932,0.30459519999999995,CHB_18019,-277.44104000000004
230,CHB_36635_-1,4-methylbenzoic acid,-1,-219.57632,-402.33344,-0.6135448,0.274052,CHB_36635,-219.57632
231,CHB_10589_-1,3-methylbenzoic acid,-1,-218.1956,-398.94440000000003,-0.6068504,0.336812,CHB_10589,-218.1956
232,CHB_30746_-1,benzoic acid,-1,-210.8736,-355.59816,-0.4859112,0.21509943999999998,CHB_30746,-210.8736
233,CHB_36632_-1,o-toluic acid,-1,-206.85696000000002,-393.58888,-0.6269336,0.36568160000000005,CHB_36632,-206.85696000000002
234,CHB_16467_-1,L-arginine,-1,-168.78256,-541.4932799999999,-1.2500455199999998,0.3393224,CHB_16467,-168.78256
235,CHB_16240_-1,hydrogen peroxide,-1,-67.32056,-160.33088,-0.312032,-0.1564816,CHB_16240,-67.32056
236,CHB_16136_-1,hydrogen sulfide,-1,11.966239999999999,-16.108400000000003,-0.0945348,-0.09275928,CHB_16136,11.966239999999999
237,CHB_18022_-1,thiocyanate,-1,92.71744,76.44167999999999,-0.054589,-0.040166400000000005,CHB_18022,92.71744
239,CHB_18391_-1,D-gluconate,-1,-1128.3,,,,CHB_18391,-1128.3
240,CHB_16659_-1,glycerate,-1,-661.01,,,,CHB_16659,-661.01
241,CHB_17489_-1,adenosine 3':5'-(cyclic)phosphate,-1,-629.68,,,,CHB_17489,-629.68
242,CHB_30841_-1,hydroxypyruvate,-1,-608.55,,,,CHB_30841,-608.55
243,CHB_16769_-1,2-oxoglutaramate,-1,-595.88,,,,CHB_16769,-595.88
244,CHB_16510_-1,3-hydroxypropanoate,-1,-518.4,,,,CHB_16510,-518.4
245,CHB_13705_-1,acetoacetate,-1,-482.49,,,,CHB_13705,-482.49
246,CHB_16891_-1,glyoxylate,-1,-468.6,,,,CHB_16891,-468.6
247,CHB_48430_-1,4-methyl-2-oxopentanooate,-1,-445.14,,,,CHB_48430,-445.14
248,CHB_15756_-1,palmitic acid,-1,-259.4,,,,CHB_15756,-259.4
249,CHB_35697_-1,trans-cinnamate,-1,-128.75,,,,CHB_35697,-128.75
250,CHB_16298_-1,D-mannitol-1-phosphate,-1,-1830.68,,,,CHB_16298,-1830.68
251,CHB_17044_-1,D-sorbitol 6-phosphate,-1,-1829.75,,,,CHB_17044,-1829.75
252,CHB_16077_-1,glucose 1-phosphate,-1,-1793.98,,,,CHB_16077,-1793.98
253,CHB_4141_-1,D-galactose 6-phosphate,-1,-1793.57,,,,CHB_4141,-1793.57
254,CHB_37480_-1,D-galactose 1-phosphate,-1,-1791.77,,,,CHB_37480,-1791.77
255,CHB_35374_-1,D-mannose 1-phosphate,-1,-1791.32,,,,CHB_35374,-1791.32
256,CHB_16938_-1,"D-glucono-1,5-lactone 6-phosphate",-1,-1782.73,,,,CHB_16938,-1782.73
257,CHB_86279_-1,D-arabinose 5-phosphate,-1,-1636.53,,,,CHB_86279,-1636.53
258,CHB_17363_-1,D-ribulose 5-phosphate,-1,-1633.5,,,,CHB_17363,-1633.5
259,CHB_18110_-1,3-phosphonooxypyruvate,-1,-1505.8,,,,CHB_18110,-1505.8
260,MAN_10201_-1,2-deoxy-D-ribose 5-phosphate,-1,-1486.11,,,,MAN_10201,-1486.11
261,CHB_11563_-1,2-deoxy--D-ribose 1-phosphate,-1,-1478.02,,,,CHB_11563,-1478.02
262,CHB_15811_-1,O-phospho-L-serine,-1,-1397.51,,,,CHB_15811,-1397.51
263,CHB_16108_-1,glycerone phosphate,-1,-1328.8,,,,CHB_16108,-1328.8
264,CHB_29052_-1,D-glyceraldehyde-3-phosphate,-1,-1321.14,,,,CHB_29052,-1321.14
265,CHB_15350_-1,acetyl phosphate,-1,-1269.08,,,,CHB_15350,-1269.08
266,CHB_16087_-1,isocitrate,-1,-1219.47,,,,CHB_16087,-1219.47
267,CHB_16810_-1,2-oxoglutarate,-1,-820.1,,,,CHB_16810,-820.1
268,CHB_30744_-1,keto-oxaloacetate,-1,-818.2,,,,CHB_30744,-818.2
269,CHB_30719_-1,2-methylmaleate,-1,-636.49,,,,CHB_30719,-636.49
270,CHB_30780_-1,maleate,-1,-627.6,,,,CHB_30780,-627.6
271,CHB_16283_-1,cystine,-1,-620.8,,,,CHB_16283,-620.8
272,CHB_17201_-1,glycylglycine,-1,-473.6,,,,CHB_17201,-473.6
273,CHB_16821_-1,oxoproline,-1,-469.15,,,,CHB_16821,-469.15
274,CHB_30956_-1,Trichloroacetic acid,-1,-427.35376,-530.02912,,0.064852,CHB_30956,-427.35376
275,CHB_36386_-1,Dichloroacetic acid,-1,-408.06552,-515.38512,,0.05188160000000001,CHB_36386,-408.06552
276,CHB_17775_-1,urate,-1,-356.9,,,,CHB_17775,-356.9
277,CHB_16919_-1,creatine,-1,-177.6,,,,CHB_16919,-177.6
278,CHB_17368_-1,hypoxanthine,-1,140.3,,,,CHB_17368,140.3
279,CHB_16708_-1,adenine,-1,369.7,,,,CHB_16708,369.7
280,CHB_15713_0,UTP,0,-3403.18192,-4116.244304,-2.39169252,0.9315676,CHB_15713,-3403.18192
281,CHB_18077_0,dTTP,0,-3269.25208,-3991.6196800000002,-2.4229005999999997,0.9578431200000002,CHB_18077,-3269.25208
282,CHB_17625_0,dUTP,0,-3262.8923999999997,-3935.767464,-2.25689972,0.8947484000000001,CHB_17625,-3262.8923999999997
283,CHB_17677_0,CTP,0,-3188.5845600000002,-3917.537776,-2.44498918,0.9414,CHB_17677,-3188.5845600000002
284,CHB_18009_0,NADP,0,-3119.53,-4243.7,-3.7706535,0.8934,CHB_18009,-3119.53
285,CHB_16474_0,NADPH,0,-3100.49,-4270.3,-3.9239335,1.009,CHB_16474,-3100.49
286,CHB_15996_0,GTP,0,-3085.61632,-3867.530608,-2.62263154,1.05503744,CHB_15996,-3085.61632
287,CHB_16311_0,dCTP,0,-3048.33688,-3741.554552,-2.32513326,0.903744,CHB_16311,-3048.33688
288,CHB_16497_0,dGTP,0,-2943.2348,-3706.0951520000003,-2.5587157,1.02072864,CHB_16497,-2943.2348
289,CHB_15422_0,ATP,0,-2838.844,-3592.1857520000003,-2.52679178,1.0461673599999999,CHB_15422,-2838.844
290,CHB_16284_0,dATP,0,-2691.1488000000004,-3416.7129760000003,-2.4336297800000004,1.00976656,CHB_16284,-2691.1488000000004
291,CHB_17659_0,UDP,0,-2533.964288,-3141.22168,-2.0368218,0.60195208,CHB_17659,-2533.964288
292,CHB_18075_0,dTDP,0,-2400.385904,-3007.9445440000004,-2.0378214,0.63090536,CHB_18075,-2400.385904
293,CHB_28850_0,dUDP2-,0,-2393.6873200000005,-2965.050176,-1.9164219599999999,0.56500736,CHB_28850,-2393.6873200000005
294,CHB_17239_0,CDP,0,-2319.270696,-2940.6741920000004,-2.08350774,0.6080188799999999,CHB_17239,-2319.270696
295,CHB_15846_0,NAD,0,-2230.11,-3244.97,-3.4041954999999997,0.7937000000000001,CHB_15846,-2230.11
296,CHB_16908_0,NADH,0,-2216.43,-3266.56,-3.5222755,0.9142,CHB_16908,-2216.43
297,CHB_17552_0,GDP,0,-2216.3401120000003,-2890.072896,-2.2597693800000003,0.7266771200000001,CHB_17552,-2216.3401120000003
298,CHB_28846_0,dCDP,0,-2178.993728,-2764.502688,-1.96386102,0.56864744,CHB_28846,-2178.993728
299,CHB_28862_0,dGDP,0,-2073.962776,-2728.63744,-2.19585354,0.68734752,CHB_28862,-2073.962776
300,CHB_18361_0,diphosphate,0,-2029.85,-2281.17,-0.8429314103639108,0.24601920000000002,CHB_18361,-2029.85
301,CHB_16761_0,ADP,0,-1969.613816,-2615.4435040000003,-2.16618898,0.70860224,CHB_16761,-1969.613816
302,CHB_16174_0,dADP,0,-1821.893512,-2439.958176,-2.07306882,0.67220144,CHB_16174,-1821.893512
303,CHB_16695_0,UMP,0,-1659.6672800000001,-2168.617408,-1.70709692,0.39622480000000004,CHB_16695,-1659.6672800000001
304,CHB_52742_0,D-ribose 5-phosphate,0,-1636.08,-2037.74,-1.347638,0.37910000000000005,CHB_52742,-1636.08
305,CHB_28189_0,isomaltose,0,-1587.71,-2244.48,-2.2028173740000003,,CHB_28189,-1587.71
306,CHB_17306_0,maltose,0,-1574.69,-2238.06,-2.224953882,,CHB_17306,-1574.69
307,CHB_36219_0,lactose,0,-1567.33,-2233.08,-2.2329364409999997,,CHB_36219,-1567.33
308,CHB_17992_0,sucrose,0,-1564.7,-2199.87,-2.130370619,,CHB_17992,-1564.7
309,CHB_63528_0,dTMP,0,-1526.1725760000002,-2036.218912,-1.71077428,0.42601488,CHB_63528,-1526.1725760000002
310,CHB_17622_0,dUMP,0,-1519.557672,-1992.780624,-1.58728284,0.35911272000000005,CHB_17622,-1519.557672
311,CHB_17361_0,CMP,0,-1444.890008,-1968.1954400000002,-1.7552472600000002,0.40191504000000006,CHB_17361,-1444.890008
312,CHB_16171_0,nicotinamide mononucleotide,0,-1379.86,-1886.01,-1.6977470000000001,0.30910000000000004,CHB_16171,-1379.86
313,CHS_8149841_0,nicotinamide mononucleotide(reduced),0,-1379.15,-1933.54,-1.8595270000000002,0.3633,CHS_8149841,-1379.15
314,CHB_17345_0,guanosine 5 '-phosphate,0,-1342.1686240000001,-1918.472784,-1.93301514,0.51806288,CHB_17345,-1342.1686240000001
315,CHB_15918_0,dCMP,0,-1304.82224,-1793.320976,-1.6384874999999999,0.36229256000000004,CHB_15918,-1304.82224
316,CHB_30769_0,citrate,0,-1243.4011200000002,-1525.1809680000001,-0.9451162399999999,0.47270832,CHB_30769,-1243.4011200000002
317,CHB_16192_0,dGMP,0,-1199.749448,-1758.752768,-1.87499874,0.47890064,CHB_16192,-1199.749448
318,CHB_26078_0,orthophospate,0,-1149.367,-1294.12,-0.4855039409693108,0.09865872,CHB_26078,-1149.367
319,CHB_16027_0,AMP,0,-1091.258328,-1642.671872,-1.84951818,0.50212184,CHB_16027,-1091.258328
320,CHB_17713_0,dAMP,0,-947.261784,-1466.3497439999999,-1.74112642,0.46559552000000004,CHB_17713,-947.261784
321,CHB_4167_0,D-glucose,0,-915.9,-1262.19,-1.162476,0.363,CHB_4167,-915.9
322,CHB_37721_0,D-fructose,0,-915.51,-1259.38,-1.154376,0.352,CHB_37721,-915.51
323,CHB_48674_0,Sorbose,0,-911.95,-1263.3,-1.179376,0.352,CHB_48674,-911.95
324,CHB_4208_0,D-mannose,0,-910.99,-1258.66,-1.167076,0.34,CHB_4208,-910.99
325,CHB_4139_0,D-galactose,0,-908.93,-1255.2,-1.162376,0.379,CHB_4139,-908.93
326,CHB_16704_0,uridine,0,-759.404368,-1147.721408,-1.30247844,0.39806576,CHB_16704,-759.404368
327,CHB_45506_0,D-ribose,0,-752.0279760000001,-1034.000288,-0.990139191682039,0.27806864,CHB_45506,-752.0279760000001
328,CHB_53455_0,D-xylose,0,-750.49,-1045.74,-0.9910800000000001,0.276,CHB_53455,-750.49
329,CHB_28543_0,D-lyxose,0,-749.14,-1046.69,-0.99798,0.282,CHB_28543,-749.14
330,CHS_388344_0,D-xylulose,0,-746.15,-1029.65,-0.95168,0.319,CHS_388344,-746.15
331,CHB_30031_0,succinate,0,-743.9152,-912.112,-0.5646408,0.2230072,CHB_30031,-743.9152
332,CHB_46994_0,D-arabinose,0,-742.23,-1043.79,-1.01228,0.281,CHB_46994,-742.23
333,CHB_17859_0,glutaric acid,0,-739.64752,-934.87296,-0.6554552,0.2681944,CHB_17859,-739.64752
334,CHB_28552_0,D-ribulose,0,-735.94,-1023.02,-0.96368,0.319,CHB_28552,-735.94
335,CHB_30794_0,malonic acid,0,-733.9572800000001,-869.7280800000001,-0.4558352,0.16066560000000002,CHB_30794,-733.9572800000001
336,CHB_29985_0,L-glutamate,0,-724.0412000000001,-982.48688,-0.8668077,0.18200400000000003,CHB_29985,-724.0412000000001
337,CHB_29991_0,L-aspartate,0,-721.7818400000001,-947.00656,-0.75540802,0.1355616,CHB_29991,-721.7818400000001
338,CHB_16995_0,oxalate-2,0,-705.58976,-814.1227200000001,-0.3640213315,0.0949768,CHB_16995,-705.58976
339,CHB_9300_0,suberic acid,0,-704.96216,-994.7878400000001,-0.9730856,0.5129584,CHB_9300,-704.96216
340,CHB_48131_0,azelaic acid,0,-684.7534400000001,-1007.0888,-1.0823096,0.6016592000000001,CHB_48131,-684.7534400000001
341,CHB_41865_0,sebacic acid,0,-674.62816,-1029.264,-1.1906968,0.69036,CHB_41865,-674.62816
342,CHB_29806_0,fumarate,0,-645.8,-774.88,-0.432936441,,CHB_29806,-645.8
343,CHB_17748_0,thymidine,0,-625.742304,-1014.988192,-1.3056118799999998,0.4242576,CHB_17748,-625.742304
344,CHB_17544_0,bicarbonate,0,-623.11,-699.63,-0.2566493375817542,0.0641396761139071,CHB_17544,-623.11
345,CHB_16450_0,Deoxyuridine,0,-619.1274000000001,-971.549904,-1.1821204399999998,0.35999136000000004,CHB_16450,-619.1274000000001
346,MAN_10204_0,Deoxyribose,0,-604.307672,-857.874808,-0.8504851200000001,0.23497343999999998,MAN_10204,-604.307672
347,CHB_17562_0,cytidine,0,-544.668936,-948.26176,-1.35372494,0.40325392,CHB_17562,-544.668936
348,CHB_16004_0,(R)-lactate,0,-534.7152000000001,-686.176,-0.5086248,0.2790728,CHB_16004,-534.7152000000001
349,CHB_29805_0,glycolate,0,-528.8575999999999,-648.05976,-0.40023759999999997,0.190372,CHB_29805,-528.8575999999999
350,CHB_18050_0,L-glutamine,0,-528.3555200000001,-802.74224,-0.9203135600000001,0.18325919999999998,CHB_18050,-528.3555200000001
351,CHB_1148_0,2-hydroxybutanoate,0,-526.138,-709.89928,-0.6170119999999999,0.36777360000000003,CHB_1148,-526.138
352,CHB_17196_0,L-asparagine,0,-525.05016,-764.4168000000001,-0.80284708,0.1288672,CHB_17196,-525.05016
353,CHB_17201_0,glycylglycine,0,-520.2,-734.25,-0.717927218,,CHB_17201,-520.2
354,CHB_17115_0,L-serine,0,-518.52312,-721.4052800000001,-0.6804803399999999,0.11631520000000001,CHB_17115,-518.52312
355,CHB_60647_0,2-hydroxypentanoic acid,0,-517.5608000000001,-733.62256,-0.7253991999999999,0.4564744,CHB_60647,-517.5608000000001
356,CHB_86542_0,2-hydroxyhexanoic acid,0,-508.9836,-757.3458400000001,-0.8337863999999999,0.5451752,CHB_86542,-508.9836
357,CHB_16643_0,L-methionine,0,-502.58208,-746.92768,-0.81953626,0.29580880000000004,CHB_16643,-502.58208
358,CHB_16857_0,L-threonine,0,-501.36872000000005,-748.68496,-0.8294941800000001,0.2096184,CHB_16857,-501.36872000000005
359,CHB_73752_0,2-hydroxyheptanoic acid,0,-500.4064,-781.06912,-0.9421735999999999,0.633876,CHB_73752,-500.4064
360,CHB_17754_0,glycerol,0,-497.48,-676.55,-0.600603723,,CHB_17754,-497.48
361,CHB_86543_0,2-hydroxyoctanoic acid,0,-491.8292,-804.7924,-1.0505608,0.7225767999999999,CHB_86543,-491.8292
362,CHB_73753_0,2-hydroxynonanoic acid,0,-483.33567999999997,-828.5156800000001,-1.158948,0.8112776,CHB_73753,-483.33567999999997
363,PBC_21488_0,2-hydroxydecanoic acid,0,-474.80032,-852.2389600000001,-1.2673352,0.8999784,PBC_21488,-474.80032
364,CHB_16750_0,guanosine,0,-441.69651200000004,-897.585152,-1.52914978,0.5225816000000001,CHB_16750,-441.69651200000004
365,CHB_17596_0,inosine,0,-409.15,-819.84,-1.37746101,,CHB_17596,-409.15
366,CHB_27869_0,Monochloroacetic acid,0,-404.88568,-496.30608,-0.3066245,0.1849328,CHB_27869,-404.88568
367,CHB_15698_0,Deoxycytidine,0,-404.391968,-772.0902560000001,-1.2333251,0.36517952000000004,CHB_15698,-404.391968
368,CHB_30089_0,acetate,0,-396.47584,-485.7624,-0.29933519999999997,0.168,CHB_30089,-396.47584
369,CHB_17272_0,propionate,0,-390.9948,-512.41448,-0.4077224,0.255,CHB_17272,-390.9948
370,CHB_16526_0,carbon dioxide,0,-385.974,-413.7976,-0.0933216,0.24309,CHB_16526,-385.974
371,CHB_17895_0,L-tyrosine,0,-384.0912,-659.9841600000001,-0.92536106,0.3355568,CHB_17895,-384.0912
372,CHB_30772_0,butanoate,0,-381.62264,-535.3428,-0.5161096,0.335,CHB_30772,-381.62264
373,CHB_15428_0,glycine,0,-380.53479999999996,-522.07952,-0.48081650000000004,0.0409,CHB_15428,-380.53479999999996
374,CHB_17418_0,pentanoic acid,0,-373.38016000000005,-559.35896,-0.6244968,0.417,CHB_17418,-373.38016000000005
375,CHB_15740_0,formate,0,-372.30068800000004,-425.42912,-0.1788144,0.0953952,CHB_15740,-372.30068800000004
376,CHB_16977_0,L-alanine,0,-371.58104000000003,-554.38,-0.61309178,0.141,CHB_16977,-371.58104000000003
377,CHB_30776_0,hexanoic acid,0,-364.51008,-582.78936,-0.732884,0.523,CHB_30776,-364.51008
378,CHB_35619_0,ABA (a-aminobutyric acid),0,-364.51008,-578.14512,-0.7165837,0.2221704,CHB_35619,-364.51008
379,CHB_16414_0,L-valine,0,-357.02072000000004,-612.6212800000001,-0.85727138,0.309616,CHB_16414,-357.02072000000004
380,CHB_45571_0,heptanoic acid,0,-356.47679999999997,-607.01472,-0.8412712,0.6117007999999999,CHB_45571,-356.47679999999997
381,CHB_15603_0,L-leucine,0,-352.2928,-642.6624,-0.97390106,0.3983168,CHB_15603,-352.2928
382,CHB_28837_0,n-octanoic acid,0,-349.15479999999997,-631.9932000000001,-0.9496584,0.7004016000000001,CHB_28837,-349.15479999999997
383,CHB_17191_0,L-isoleusine,0,-343.04616000000004,-634.2944,-0.9768717,0.3832544,CHB_17191,-343.04616000000004
384,CHB_29019_0,nonanoic acid,0,-339.82448000000005,-654.92152,-1.0580456,0.7891024,CHB_29019,-339.82448000000005
385,CHB_27750_0,ethyl acetate,0,-337.65,-482.0,-0.513242,0.397,CHB_27750,-337.65
386,CHB_18019_0,L-lysine,0,-337.56512,-666.63672,-1.1036655599999998,0.2669392,CHB_18019,-337.56512
387,CHB_17561_0,L-cysteine,0,-336.10072,-519.10888,-0.61380762,0.1970664,CHB_17561,-336.10072
388,CHB_30813_0,n-decanoic acid,0,-331.24728000000005,-678.6448,-1.1664328,0.8778032,CHB_30813,-331.24728000000005
389,CHB_32368_0,undecanoic acid,0,-322.71191999999996,-702.3680800000001,-1.2748199999999998,0.966504,CHB_32368,-322.71191999999996
390,CHB_30805_0,1-dodecanoic acid,0,-314.13472,-726.09136,-1.3832072,1.0552048,CHB_30805,-314.13472
391,CHB_17203_0,(S)-proline,0,-307.77504000000005,-519.2344,-0.7092277800000001,0.1785,CHB_17203,-307.77504000000005
392,CHB_17172_0,Deoxyguanosine,0,-299.319176,-737.526232,-1.46983634,0.4845072,CHB_17172,-299.319176
393,CHB_17821_0,thymine,0,-256.54196,-439.19029600000005,-0.61265236,0.23819512,CHB_17821,-256.54196
394,CHB_17568_0,uracil,0,-249.92705600000002,-395.75200800000005,-0.48911908,0.15141896,CHB_17568,-249.92705600000002
395,CHB_36635_0,4-methylbenzoic acid,0,-244.51296000000002,-402.45896000000005,-0.5298647999999999,0.4342992,CHB_36635,-244.51296000000002
396,CHB_10589_0,3-methylbenzoic acid,0,-242.50464000000002,-399.3628,-0.5256808,0.510448,CHB_10589,-242.50464000000002
397,CHB_16467_0,L-arginine,0,-239.99424000000002,-598.56304,-1.20259896,0.2820016000000001,CHB_16467,-239.99424000000002
398,CHB_15377_0,water,0,-237.14,-285.83,-0.163307060204595,0.07528,CHB_15377,-237.14
399,CHB_30746_0,benzoic acid,0,-234.84792000000002,-355.93288,-0.4068336,0.37237600000000004,CHB_30746,-234.84792000000002
400,CHB_36632_0,o-toluic acid,0,-229.15768000000003,-387.60576000000003,-0.5315384000000001,0.4953856000000001,CHB_36632,-229.15768000000003
401,CHB_17295_0,L-phenylalanine,0,-206.81512,-455.6376,-0.8345421,0.3924592,CHB_17295,-206.81512
402,CHB_27856_0,acetamide,0,-203.92816000000002,-309.11392,-0.352795036,0.167,CHB_27856,-203.92816000000002
403,CHB_16199_0,urea,0,-202.8,-317.65,-0.385208788,0.089,CHB_16199,-202.8
404,CHB_15971_0,L-histidine,0,-202.58928,-452.70880000000005,-0.8389215,0.2351408,CHB_15971,-202.58928
405,CHB_16335_0,adenosine,0,-194.55181600000003,-621.28216,-1.43134354,0.5033352,CHB_16335,-194.55181600000003
406,CHB_45422_0,propanamide,0,-194.547632,-332.8372,-0.46382234,0.256,CHB_45422,-194.547632
407,CHB_17824_0,2-propanol,0,-185.23,-330.83,-0.488344793,,CHB_17824,-185.23
408,CHB_50724_0,n-butanamide,0,-185.167104,-356.56048,-0.574849644,0.34367376,CHB_50724,-185.167104
409,CHB_16236_0,ethanol,0,-181.29272,-287.2316,-0.357596,0.263,CHB_16236,-181.29272
410,CHB_17790_0,methanol,0,-175.93720000000002,-246.31208,-0.23657599999999998,0.1581552,CHB_17790,-175.93720000000002
411,CHB_16459_0,n-pentanamide,0,-175.78657600000003,-380.28376000000003,-0.685876948,0.43028256000000004,CHB_16459,-175.78657600000003
412,CHB_28831_0,propan-1-ol,0,-175.35144,-315.13888000000003,-0.4692984,0.355,CHB_28831,-175.35144
413,PBC_12332_0,n-hexanamide,0,-166.406048,-404.00704,-0.796904252,0.51689136,PBC_12332,-166.406048
414,CHB_28885_0,1-butanol,0,-162.50656,-336.05888,-0.5827064000000001,0.447,CHB_28885,-162.50656
415,CHB_15347_0,acetone,0,-161.084,-258.23648000000003,-0.3260664,0.24141680000000001,CHB_15347,-161.084
416,CHB_44884_0,1-pentanol,0,-160.95848,-367.06232,-0.6919304,0.544,CHB_44884,-160.95848
417,PBC_136449_0,n-heptanamide,0,-157.02552,-427.73032,-0.907931556,0.6035001600000001,PBC_136449,-157.02552
418,CHB_6858_0,2-butanone,0,-153.67832,-284.00991999999997,-0.4378008,0.33639360000000007,CHB_6858,-153.67832
419,CHB_87393_0,1-hexanol,0,-148.49016,-387.81496000000004,-0.8026993124,0.6041696000000001,CHB_87393,-148.49016
420,PBC_69414_0,n-octanamide,0,-147.644992,-451.45360000000005,-1.01895886,0.69010896,PBC_69414,-147.644992
421,CHB_16472_0,2-pentanone,0,-143.88776000000001,-307.35664,-0.5491168,0.4250944,CHB_16472,-143.88776000000001
422,CHB_15343_0,acetaldehyde,0,-140.03848000000002,-210.78992000000002,-0.237344,0.1460216,CHB_15343,-140.03848000000002
423,CHB_17153_0,propanal,0,-136.94232,-239.99424000000002,-0.3457312,0.23472240000000003,CHB_17153,-136.94232
424,CHB_89206_0,2-hexanone,0,-135.89632,-331.45648000000006,-0.6558304,0.5137952,CHB_89206,-135.89632
425,CHB_16240_0,hydrogen peroxide,0,-134.01352000000003,-191.16696000000002,-0.191648499,0.04184,CHB_16240,-134.01352000000003
426,PBC_8129_0,1-heptanol,0,-133.888,-406.97768,-0.9159472749,0.7288528,PBC_8129,-133.888
427,CHB_5672_0,2-heptanone,0,-127.31912000000001,-355.17976,-0.7642175999999999,0.602496,CHB_5672,-127.31912000000001
428,CHB_16188_0,1-octanol,0,-126.566,-431.20304000000004,-1.0221128,0.81588,CHB_16188,-126.566
429,CHB_15743_0,butanal,0,-120.16448000000001,-255.51688000000001,-0.45411840000000003,0.3234232,CHB_15743,-120.16448000000001
430,CHB_87434_0,2-octanone,0,-118.74192,-378.90304000000003,-0.8726048,0.6911968,CHB_87434,-118.74192
431,CHB_45074_0,pentanal,0,-113.05168,-280.74640000000005,-0.5625055999999999,0.41212400000000005,CHB_45074,-113.05168
432,CHB_16828_0,L-tryptophan,0,-112.21488000000001,-408.31656,-0.9931083599999999,0.4167264,CHB_16828,-112.21488000000001
433,CHB_16842_0,formaldehyde,0,-109.32791999999999,-141.79576,-0.119752,0.0656888,CHB_16842,-109.32791999999999
434,CHB_88528_0,hexanal,0,-103.97240000000001,-303.96760000000006,-0.6708928,0.5008248000000001,CHB_88528,-103.97240000000001
435,CHB_34787_0,heptanal,0,-89.91416000000001,-322.20984000000004,-0.77928,0.5895256000000001,CHB_34787,-89.91416000000001
436,CHB_17935_0,octanal,0,-84.97704,-349.5732,-0.8876672,0.6782264,CHB_17935,-84.97704
437,CHB_84268_0,nonanal,0,-75.7304,-372.62704,-0.9960544,0.7669272,CHB_84268,-75.7304
438,CHB_31457_0,decanal,0,-69.4544,-398.69336000000004,-1.1044416000000001,0.855628,CHB_31457,-69.4544
439,CHB_17231_0,m-cresol,0,-58.11576,-190.62304,-0.4449792,0.4238392,CHB_17231,-58.11576
440,CHB_34241_0,"2,4 dimethylphenol",0,-54.730904,-220.3922,-0.5562952,0.4928752,CHB_34241,-54.730904
441,CHB_28054_0,o-cresol,0,-53.2414,-188.61890400000001,-0.45460239999999996,0.43011520000000003,CHB_28054,-53.2414
442,CHB_38572_0,"3,5-dimethylphenol",0,-52.12845600000001,-229.88988,-0.59688,0.5075192000000001,CHB_38572,-52.12845600000001
443,CHB_39839_0,"3,4-dimethylphenol",0,-51.312576,-227.701648,-0.5922776,0.4723736,CHB_39839,-51.312576
444,CHB_15882_0,phenol,0,-51.10756000000001,-151.96288,-0.33868400000000004,0.31045280000000003,CHB_15882,-51.10756000000001
445,PBC_7267_0,"2,5-dimethylphenol",0,-49.685,-227.69328,-0.5977168,0.5401544,PBC_7267,-49.685
446,CHB_17847_0,p-cresol,0,-48.639,-185.12108,-0.458368,0.3840912,CHB_17847,-48.639
447,CHB_17256_0,2'-deoxyadenosine,0,-46.831512000000004,-445.119024,-1.33592218,0.46526080000000003,CHB_17256,-46.831512000000004
448,PBC_10687_0,"2,3-dimethylphenol",0,-46.04492,-225.30421600000003,-0.6019008,0.5150504,PBC_10687,-46.04492
449,PBC_11335_0,"2,6-dimethylphenol",0,-45.911032,-219.42988,-0.5826544,0.4970592,PBC_11335,-45.911032
450,CHB_16040_0,Cytosine,0,-35.191624000000004,-196.29236,-0.54032374,0.17493304,CHB_16040,-35.191624000000004
451,CHB_16183_0,methane,0,-34.33,-89.04,-0.183498239,0.2773992,CHB_16183,-34.33
452,CHB_16136_0,hydrogen sulfide,0,-27.919832000000003,-37.660184,-0.037214,0.17865680000000003,CHB_16136,-27.919832000000003
453,CHB_16134_0,ammonia,0,-26.706472,-81.33696,-0.18400281998661752,0.07489359999999999,CHB_16134,-26.706472
454,CHB_23975_0,ethane,0,-17.01,-102.09,-0.285359718,0.36944720000000003,CHB_23975,-17.01
455,CHB_32879_0,propane,0,-8.213192000000001,-127.57016,-0.40031992000000005,0.4627504,CHB_32879,-8.213192000000001
456,CHB_16007_0,Methanethiol,0,-7.6985600000000005,-48.7436,-0.1376516,0.2456008,CHB_16007,-7.6985600000000005
457,PBC_6343_0,Ethanethiol,0,-4.6024,-74.55888,-0.2346351836,0.3343016000000001,PBC_6343,-4.6024
458,CHB_30363_0,2-methylpropane (isobutane),0,-3.80744,-156.4816,-0.51207524,0.56032128,CHB_30363,-3.80744
459,CHB_25462_0,n-butane,0,0.150624,-151.58632,-0.50891632,0.5602376,CHB_25462,0.150624
460,CHB_30362_0,2-methylbutane (Isopentane),0,5.573088,-180.20488,-0.623102544,0.6469300800000001,CHB_30362,5.573088
461,CHB_8473_0,Propanethiol,0,5.77392,-97.57088,-0.3464764,0.42300239999999995,CHB_8473,5.77392
462,CHB_25888_0,n-pentane,0,8.91192,-173.88704,-0.6140399999999999,0.640152,CHB_25888,8.91192
463,PBC_8012_0,Butanethiol,0,14.895040000000002,-119.78792,-0.45193479999999997,0.5117032,PBC_8012,14.895040000000002
464,CHB_88374_0,2-methylpentane,0,14.953616,-203.92816000000002,-0.734129848,0.73353888,CHB_88374,14.953616
465,CHB_15379_0,oxygen,0,16.4,-11.7,-0.0942478618145229,0.234304,CHB_15379,16.4
466,CHB_18276_0,hydrogen,0,17.723423999999998,-4.184,-0.07347786013751469,0.1669416,CHB_18276,17.723423999999998
467,CHB_29021_0,n-hexane,0,18.493280000000002,-198.32160000000002,-0.7278664,0.66,CHB_29021,18.493280000000002
468,CHB_16830_0,methylamine,0,21.08736,-68.28288,-0.30484449999999996,0.154808,CHB_16830,21.08736
469,PBC_11582_0,2-methylhexane,0,24.334144000000002,-227.65144,-0.845157152,0.82014768,PBC_11582,24.334144000000002
470,PBC_8067_0,Pentanethiol,0,25.731600000000004,-144.47352,-0.5661796,0.600404,PBC_8067,25.731600000000004
471,CHB_15862_0,ethanamine (Ethylamine),0,26.3592,-99.70472,-0.4240821,0.23765119999999998,CHB_15862,26.3592
472,CHB_32891_0,n-heptane,0,27.07048,-221.54280000000003,-0.83458,0.8217376000000001,CHB_32891,27.07048
473,CHB_39870_0,1-propanamine (propylamine),0,29.32984,-128.36512000000002,-0.5303772999999999,0.32635200000000003,CHB_39870,29.32984
474,PBC_8106_0,Hexanethiol,0,33.179120000000005,-168.19680000000002,-0.6745667999999999,0.6891048,PBC_8106,33.179120000000005
475,CHB_88849_0,2-methylheptane,0,33.714672,-251.37472,-0.9561844559999999,0.90675648,CHB_88849,33.714672
476,CHB_17590_0,n-octane,0,35.898720000000004,-248.57144,-0.9551008000000001,0.9104384,CHB_17590,35.898720000000004
477,CHB_43799_0,1-butanamine (butylamine),0,39.37144,-151.08424000000002,-0.6400197,0.411,CHB_43799,39.37144
478,PBC_15422_0,Heptanethiol,0,41.75632,-191.92008,-0.7829539999999999,0.7778056,PBC_15422,41.75632
479,PBC_18591_0,2-methyloctane,0,43.095200000000006,-275.098,-1.06721176,0.99336528,PBC_18591,43.095200000000006
480,PBC_8144_0,Octanethiol,0,50.33352000000001,-215.64336,-0.8913412,0.8665064,PBC_8144,50.33352000000001
481,CHB_74848_0,1-pentanamine (pentylamine),0,53.555200000000006,-170.0796,-0.7500805,0.5146320000000001,CHB_74848,53.555200000000006
482,PBC_15077_0,Nonanethiol,0,58.91072,-239.36664000000002,-0.9997284,0.9552072,PBC_15077,58.91072
483,CHB_5712_0,1-hexanamine (hexylamine),0,62.174240000000005,-193.80288000000002,-0.8584677000000001,0.602496,CHB_5712,62.174240000000005
484,PBC_8917_0,Decanethiol,0,67.48792,-263.08992,-1.1081156,1.043908,PBC_8917,67.48792
485,CHB_16235_0,guanine,0,69.881168,-145.61575200000001,-0.7228195399999999,0.25129104,CHB_16235,69.881168
486,PBC_8127_0,1-heptanamine (heptylamine),0,70.75144,-217.52616,-0.9668549000000001,0.6811552000000001,PBC_8127,70.75144
487,CHB_16052_0,1-propene,0,74.93544,-1.2133600000000002,-0.2557072,0.35020080000000003,CHB_16052,74.93544
488,PBC_62570_0,Undecanethiol,0,76.06512000000001,-286.8132,-1.2165028,1.1326088,PBC_62570,76.06512000000001
489,PBC_8143_0,1-octanamine (octylamine),0,79.32864,-241.24944,-1.0752420999999999,0.769856,PBC_8143,79.32864
490,CHB_18153_0,ethylene,0,81.3788,35.856880000000004,-0.15064,0.2615,CHB_18153,81.3788
491,PBC_8195_0,Dodecanethiol,0,84.64232000000001,-310.53648000000004,-1.3248900000000001,1.2213096,PBC_8195,84.64232000000001
492,CHB_48362_0,1-butene,0,84.97704,-23.57684,-0.3640944,0.4389016,CHB_48362,84.97704
493,PBC_8004_0,1-pentene,0,94.01448,-46.860800000000005,-0.4724816,0.5276024,PBC_8004,94.01448
494,CHB_24579_0,1-hexene,0,101.96408,-71.2326,-0.5808688,0.6163032,CHB_24579,101.96408
495,PBC_11610_0,1-heptene,0,110.66680000000001,-94.85128,-0.689256,0.705004,PBC_11610,110.66680000000001
496,CHB_46708_0,1-octene,0,120.16448000000001,-117.65408000000001,-0.7976432,0.7937048,CHB_46708,120.16448000000001
497,CHB_17578_0,toluene,0,126.60784000000001,13.72352,-0.3792224,0.454,CHB_17578,126.60784000000001
498,CHB_16716_0,benzene,0,133.888,51.17032,-0.277948,0.37,CHB_16716,133.888
499,CHB_16101_0,ethylbenzene,0,135.72896,-10.46,-0.49095679999999997,0.5041720000000001,CHB_16101,135.72896
500,CHB_42630_0,n-propylbenzene,0,142.96728,-36.10792,-0.6010176,0.6058432,CHB_42630,142.96728
501,CHB_44194_0,n-butylbenzene,0,151.08424000000002,-60.37512,-0.7094048000000001,0.6945439999999999,CHB_44194,151.08424000000002
502,PBC_10864_0,n-pentylbenzene,0,159.87064,-82.634,-0.8177920000000001,0.7832448,PBC_10864,159.87064
503,PBC_14109_0,n-hexylbenzene,0,168.99176,-107.06855999999999,-0.9261792000000001,0.8719456,PBC_14109,168.99176
504,PBC_14115_0,n-heptylbenzene,0,178.40576000000001,-130.08056000000002,-1.0345663999999999,0.9606464,PBC_14115,178.40576000000001
505,PBC_16607_0,n-octylbenzene,0,186.98296000000002,-153.80384,-1.1429536,1.0493472000000001,PBC_16607,186.98296000000002
506,CHB_16881_0,indole,0,223.8,97.5,-0.423612276,,CHB_16881,223.8
507,CHB_16708_0,adenine,0,312.83768,130.68724,-0.61095506,0.23530816000000002,CHB_16708,312.83768
761,CHB_17057_0,cellobiose,0,-1585.94,,,,CHB_17057,-1585.94
762,CHB_16551_0,"alpha,alpha-trehalose",0,-1582.76,,,,CHB_16551,-1582.76
763,CHB_6359_0,lactulose,0,-1575.22,,,,CHB_6359,-1575.22
764,CHB_17924_0,D-sorbitol,0,-946.36,,,,CHB_17924,-946.36
765,CHB_18202_0,L-iditol,0,-944.73,,,,CHB_18202,-944.73
766,CHB_16899_0,D-mannitol,0,-942.61,,,,CHB_16899,-942.61
767,CHB_15895_0,"D-galactono-1,4-lactone",0,-905.34,,,,CHB_15895,-905.34
768,CHB_16217_0,"D-glucono-1,5-lactone",0,-903.5,,,,CHB_16217,-903.5
769,CHB_17151_0,xylitol,0,-784.09,,,,CHB_17151,-784.09
770,CHB_15963_0,ribitol,0,-774.8,,,,CHB_15963,-774.8
771,CHB_16016_0,dihydroxyacetone,0,-451.0,,,,CHB_16016,-451.0
772,CHB_17378_0,(R)-glyceraldehyde,0,-440.02,,,,CHB_17378,-440.02
773,CHB_16919_0,creatine,0,-259.2,,,,CHB_16919,-259.2
774,CHB_17368_0,hypoxanthine,0,89.5,,,,CHB_17368,89.5
778,CHB_15811_0,O-phospho-L-serine,0,-1409.4,,,,CHB_15811,-1409.4
779,CHB_15350_0,acetyl phosphate,0,-1298.26,,,,CHB_15350,-1298.26
780,CHB_16087_0,isocitrate,0,-1238.23,,,,CHB_16087,-1238.23
781,CHB_48649_0,L-sorbose,0,-911.95,-1263.3,,,CHB_48649,-911.95
782,CHB_15589_0,(S)-malate,0,-892.1,,,,CHB_15589,-892.1
783,CHB_16810_0,2-oxoglutarate,0,-834.2,,,,CHB_16810,-834.2
784,CHB_30744_0,keto-oxaloacetate,0,-832.8,,,,CHB_30744,-832.8
785,CHB_16659_0,glycerate,0,-681.1,,,,CHB_16659,-681.1
786,CHB_16283_0,cystine,0,-666.51,,,,CHB_16283,-666.51
787,CHB_30780_0,maleate,0,-638.6,,,,CHB_30780,-638.6
788,CHB_30841_0,hydroxypyruvate,0,-630.2,,,,CHB_30841,-630.2
789,CHB_16510_0,3-hydroxypropanoate,0,-544.1,,,,CHB_16510,-544.1
790,CHB_16821_0,oxoproline,0,-488.1,,,,CHB_16821,-488.1
791,CHB_16891_0,glyoxylate,0,-486.7,,,,CHB_16891,-486.7
792,CHB_15361_0,pyruvate,0,-486.0,,,,CHB_15361,-486.0
793,CHB_30956_0,Trichloroacetic acid,0,-422.16560000000004,-517.6026400000001,,0.21505760000000002,CHB_30956,-422.16560000000004
794,CHB_36386_0,Dichloroacetic acid,0,-413.63024,-507.10080000000005,,0.19999519999999998,CHB_36386,-413.63024
795,CHB_15756_0,palmitic acid,0,-286.8,,,,CHB_15756,-286.8
796,PBC_6420_0,Trichloroacetyl chloride,0,-239.19928,-310.70384,,0.221752,PBC_6420,-239.19928
797,CHB_34688_0,Dichloroacetyl chloride,0,-234.88976,-304.34416000000004,,0.2066896,CHB_34688,-234.88976
798,PBC_6577_0,Monochloroacetyl chloride,0,-230.62208,-297.98448,,0.1916272,PBC_6577,-230.62208
799,CHB_37580_0,Acetyl chloride,0,-226.35440000000003,-291.6248,,0.17656480000000002,CHB_37580,-226.35440000000003
800,CHB_35697_0,trans-cinnamate,0,-154.1,,,,CHB_35697,-154.1
801,CHB_16737_0,creatinine,0,-23.14,,,,CHB_16737,-23.14
802,CHB_16602_0,trichloroethylene (TCE),0,25.359224,-49.588768,,0.56484,CHB_16602,25.359224
803,CHB_28805_0,"cis-1,2-dichloroethylene (cis-1,2-DCE)",0,27.69808,-32.267008000000004,,0.39748,CHB_28805,27.69808
804,CHB_17300_0,perchloroethylene (PCE),0,31.308872000000004,-54.37108,,0.66944,CHB_17300,31.308872000000004
805,CHB_29027_0,"trans-1,2-dichloroethylene (trans-1,2,-DCE)",0,32.216800000000006,-29.078800000000005,,0.39748,CHB_29027,32.216800000000006
806,CHB_34031_0,"1,1-dichloroethylene (1,1-DCE)",0,32.325584,-28.195976,,0.39748,CHB_34031,32.325584
807,CHB_28509_0,vinyl chloride (VC),0,53.49244,-19.041384,,0.18828,CHB_28509,53.49244
808,CHB_48086_0,1-propyne,0,200.32992000000002,163.05048000000002,,0.31045280000000003,CHB_48086,200.32992000000002
809,CHB_48087_0,1-butyne,0,209.32552,139.7456,,0.39915360000000005,CHB_48087,209.32552
810,CHB_27518_0,ethyne,0,217.10776,212.1288,,0.221752,CHB_27518,217.10776
811,PBC_12309_0,1-pentyne,0,218.23744,116.31520000000002,,0.4878544,PBC_12309,218.23744
812,PBC_12732_0,1-hexyne,0,227.69328,93.47055999999999,,0.5765552,PBC_12732,227.69328
813,PBC_12350_0,1-heptyne,0,237.35832000000002,71.04432000000001,,0.665256,PBC_12350,237.35832000000002
814,PBC_12370_0,1-octyne,0,246.27024000000003,47.404720000000005,,0.7539568,PBC_12370,246.27024000000003
825,CHB_18009_1,NADP,1,-3128.31,-4235.75,-3.7145535,0.9829,CHB_18009,-3128.31
826,CHB_15846_1,NAD,1,-2238.9,-3237.02,-3.3476955,0.8827999999999999,CHB_15846,-2238.9
827,CHB_16171_1,nicotinamide mononucleotide,1,-1401.62,-1904.0,-1.685047,0.3319,CHB_16171,-1401.62
828,CHB_15428_1,glycine,1,-393.96544,-526.01248,-0.4489365,0.16736,CHB_15428,-393.96544
829,CHB_18019_1,L-lysine,1,-388.65176,-712.8280800000001,-1.08730612,0.28409360000000006,CHB_18019,-388.65176
830,CHB_16467_1,L-arginine,1,-292.58711999999997,-648.01792,-1.19209712,0.32467840000000003,CHB_16467,-292.58711999999997
831,CHB_15971_1,L-histidine,1,-237.23280000000003,-482.206,-0.82164158,0.2472744,CHB_15971,-237.23280000000003
832,CHB_16335_1,adenosine,1,-214.28,-637.7,-1.420157639,,CHB_16335,-214.28
833,CHB_16134_1,ammonia,1,-79.45416,-133.2604,-0.18065562004836494,0.06585616,CHB_16134,-79.45416
834,CHB_16708_1,adenine,1,289.43,109.4,-0.6038235789999999,,CHB_16708,289.43
838,CHB_16283_1,cystine,1,-678.5,,,,CHB_16283,-678.5
839,CHB_17201_1,glycylglycine,1,-538.1,,,,CHB_17201,-538.1
840,CHB_17561_1,L-cysteine,1,-347.4,,,,CHB_17561,-347.4
841,CHB_16919_1,creatine,1,-274.4,,,,CHB_16919,-274.4
842,CHB_17256_1,2'-deoxyadenosine,1,-66.42,,,,CHB_17256,-66.42
843,CHB_16737_1,creatinine,1,-50.5,,,,CHB_16737,-50.5
844,CHB_17368_1,hypoxanthine,1,79.2,,,,CHB_17368,79.2
845,CHB_16283_2,cystine,2,-684.2,,,,CHB_16283,-684.2
