,coef,compound_id,reaction_id
0,-1.0,CHB_16134,rxn_0
1,-1.0,CHB_29748,rxn_0
2,1.0,CHB_15377,rxn_0
3,1.0,CHB_49197,rxn_0
4,-1.0,CHB_15422,rxn_1
5,-1.0,CHB_16919,rxn_1
6,1.0,CHB_16761,rxn_1
7,1.0,CHB_17287,rxn_1
8,-1.0,CHB_15377,rxn_2
9,-1.0,CHB_15751,rxn_2
10,1.0,CHB_16027,rxn_2
11,1.0,CHB_16077,rxn_2
12,-1.0,CHB_29748,rxn_3
13,1.0,CHB_29780,rxn_3
14,-1.0,CHB_16414,rxn_4
15,-1.0,CHB_16810,rxn_4
16,1.0,CHB_11851,rxn_4
17,1.0,CHB_29985,rxn_4
18,-1.0,CHB_15603,rxn_5
19,-1.0,CHB_16810,rxn_5
20,1.0,CHB_29985,rxn_5
21,1.0,CHB_48430,rxn_5
22,-1.0,CHB_16810,rxn_6
23,-1.0,PBC_164608,rxn_6
24,1.0,CHB_29985,rxn_6
25,1.0,CHS_15334833,rxn_6
26,-1.0,CHB_15453,rxn_7
27,1.0,CHB_15377,rxn_7
28,1.0,CHB_15473,rxn_7
29,-1.0,CHB_15980,rxn_8
30,-1.0,CHB_18009,rxn_8
31,1.0,CHB_16474,rxn_8
32,1.0,CHB_17094,rxn_8
33,-1.0,CHB_18283,rxn_9
34,-1.0,CHB_26078,rxn_9
35,1.0,CHB_16077,rxn_9
36,1.0,CHB_4170,rxn_9
37,-1.0,MAN_10201,rxn_10
38,1.0,CHB_15343,rxn_10
39,1.0,CHB_29052,rxn_10
40,-1.0,CHB_40595,rxn_11
41,1.0,CHB_16108,rxn_11
42,1.0,CHB_29052,rxn_11
43,-1.0,CHB_15361,rxn_12
44,-1.0,CHB_15422,rxn_12
45,1.0,CHB_16761,rxn_12
46,1.0,CHB_18021,rxn_12
47,-1.0,CHB_15846,rxn_13
48,-1.0,CHB_16004,rxn_13
49,1.0,CHB_15361,rxn_13
50,1.0,CHB_16908,rxn_13
51,-1.0,CHB_1148,rxn_14
52,-1.0,CHB_15846,rxn_14
53,1.0,CHB_16763,rxn_14
54,1.0,CHB_16908,rxn_14
55,-1.0,CHB_15361,rxn_15
56,-1.0,CHB_15573,rxn_15
57,1.0,CHB_16977,rxn_15
58,1.0,CHB_18124,rxn_15
59,-1.0,CHB_16290,rxn_16
60,1.0,CHB_18252,rxn_16
61,-1.0,CHB_32364,rxn_17
62,1.0,CHB_15377,rxn_17
63,1.0,CHB_30918,rxn_17
64,-1.0,CHB_46994,rxn_18
65,1.0,CHB_45506,rxn_18
66,-1.0,CHB_46994,rxn_19
67,1.0,CHB_28552,rxn_19
68,-1.0,MAN_10212,rxn_20
69,1.0,CHB_16023,rxn_20
70,-1.0,MAN_10212,rxn_21
71,1.0,MAN_10213,rxn_21
72,-1.0,CHB_4167,rxn_22
73,1.0,CHB_37721,rxn_22
74,-1.0,CHB_4167,rxn_23
75,1.0,CHB_4208,rxn_23
76,-1.0,CHB_17824,rxn_24
77,-1.0,CHB_18009,rxn_24
78,1.0,CHB_15347,rxn_24
79,1.0,CHB_16474,rxn_24
80,-1.0,CHB_86279,rxn_25
81,1.0,CHB_17363,rxn_25
82,-1.0,CHB_16087,rxn_26
83,1.0,CHB_16891,rxn_26
84,1.0,CHB_30031,rxn_26
85,-1.0,CHB_16977,rxn_27
86,1.0,CHB_15570,rxn_27
87,-1.0,CHB_4170,rxn_28
88,1.0,CHB_61553,rxn_28
89,-1.0,CHB_16077,rxn_29
90,-1.0,CHB_16761,rxn_29
91,1.0,CHB_15751,rxn_29
92,1.0,CHB_26078,rxn_29
93,-1.0,CHB_15377,rxn_30
94,-1.0,CHB_15846,rxn_30
95,-1.0,CHB_16927,rxn_30
96,1.0,CHB_16810,rxn_30
97,1.0,CHB_16908,rxn_30
98,1.0,CHB_18019,rxn_30
99,-1.0,CHB_15377,rxn_31
100,-1.0,CHB_15404,rxn_31
101,-1.0,CHB_15846,rxn_31
102,1.0,CHB_15753,rxn_31
103,1.0,CHB_16908,rxn_31
104,1.0,CHB_17544,rxn_31
105,-1.0,CHB_15377,rxn_32
106,-1.0,CHB_27612,rxn_32
107,1.0,PBC_10020,rxn_32
108,-1.0,CHB_15377,rxn_33
109,-1.0,CHB_15901,rxn_33
110,1.0,CHB_18261,rxn_33
111,-1.0,CHB_15377,rxn_34
112,-1.0,PBC_1002,rxn_34
113,1.0,MAN_10131,rxn_34
114,-1.0,CHB_15377,rxn_35
115,-1.0,CHS_85042,rxn_35
116,1.0,MAN_10168,rxn_35
117,-1.0,CHB_29991,rxn_36
118,1.0,CHB_16134,rxn_36
119,1.0,CHB_29806,rxn_36
120,-1.0,CHB_15377,rxn_37
121,-1.0,CHB_29806,rxn_37
122,1.0,CHB_15589,rxn_37
123,-1.0,CHB_17835,rxn_38
124,1.0,CHB_15377,rxn_38
125,1.0,CHB_18021,rxn_38
126,-1.0,CHB_40595,rxn_39
127,2.0,CHB_16108,rxn_39
128,-1.0,CHB_17835,rxn_40
129,1.0,CHB_17794,rxn_40
130,-1.0,CHB_15846,rxn_41
131,-1.0,CHB_16236,rxn_41
132,1.0,CHB_15343,rxn_41
133,1.0,CHB_16908,rxn_41
134,-1.0,CHB_15422,rxn_42
135,-1.0,CHB_16467,rxn_42
136,1.0,CHB_16761,rxn_42
137,1.0,CHB_18412,rxn_42
138,-1.0,MAN_10010,rxn_43
139,1.0,CHB_15343,rxn_43
140,1.0,CHB_16108,rxn_43
141,-1.0,CHB_15377,rxn_44
142,-1.0,PBC_11096585,rxn_44
143,1.0,CHB_28885,rxn_44
144,1.0,CHB_4167,rxn_44
145,-1.0,CHB_15377,rxn_45
146,-1.0,PBC_14393376,rxn_45
147,1.0,CHB_28831,rxn_45
148,1.0,CHB_4167,rxn_45
149,-1.0,CHB_15377,rxn_46
150,-1.0,MAN_10030,rxn_46
151,1.0,CHB_35687,rxn_46
152,1.0,CHB_4167,rxn_46
153,-1.0,CHB_15377,rxn_47
154,-1.0,MAN_10100,rxn_47
155,1.0,CHB_4167,rxn_47
156,1.0,CHB_46645,rxn_47
157,-1.0,CHB_15377,rxn_48
158,-1.0,MAN_10025,rxn_48
159,1.0,CHB_4167,rxn_48
160,1.0,CHB_45895,rxn_48
161,-1.0,CHB_15377,rxn_49
162,-1.0,MAN_10066,rxn_49
163,1.0,CHB_17824,rxn_49
164,1.0,CHB_4167,rxn_49
165,-1.0,CHB_15377,rxn_50
166,-1.0,PBC_11127487,rxn_50
167,1.0,CHB_16236,rxn_50
168,1.0,CHB_4167,rxn_50
169,-1.0,CHB_15377,rxn_51
170,-1.0,CHB_320061,rxn_51
171,1.0,CHB_17790,rxn_51
172,1.0,CHB_4167,rxn_51
173,-1.0,CHB_15846,rxn_52
174,-1.0,CHB_16651,rxn_52
175,1.0,CHB_15361,rxn_52
176,1.0,CHB_16908,rxn_52
177,-1.0,CHB_15589,rxn_53
178,-1.0,CHB_15846,rxn_53
179,1.0,CHB_16452,rxn_53
180,1.0,CHB_16908,rxn_53
181,-1.0,CHB_15846,rxn_54
182,-1.0,CHB_15978,rxn_54
183,1.0,CHB_16108,rxn_54
184,1.0,CHB_16908,rxn_54
185,-1.0,CHB_15377,rxn_55
186,-1.0,CHB_15846,rxn_55
187,-1.0,CHB_29985,rxn_55
188,1.0,CHB_16134,rxn_55
189,1.0,CHB_16810,rxn_55
190,1.0,CHB_16908,rxn_55
191,-1.0,CHB_16236,rxn_56
192,-1.0,PBC_4481,rxn_56
193,1.0,CHB_15343,rxn_56
194,1.0,PBC_4066204,rxn_56
195,-1.0,CHB_16810,rxn_57
196,-1.0,CHB_16977,rxn_57
197,1.0,CHB_15361,rxn_57
198,1.0,CHB_29985,rxn_57
199,-1.0,CHB_16810,rxn_58
200,-1.0,CHB_29991,rxn_58
201,1.0,CHB_16452,rxn_58
202,1.0,CHB_29985,rxn_58
203,-1.0,CHB_16077,rxn_59
204,1.0,CHB_4170,rxn_59
205,-1.0,CHB_17992,rxn_60
206,-1.0,CHB_26078,rxn_60
207,1.0,CHB_16077,rxn_60
208,1.0,CHB_37721,rxn_60
209,-2.0,CHB_16761,rxn_61
210,1.0,CHB_15422,rxn_61
211,1.0,CHB_16027,rxn_61
212,-1.0,CHB_30769,rxn_62
213,1.0,CHB_15377,rxn_62
214,1.0,CHB_16383,rxn_62
215,-1.0,CHB_16087,rxn_63
216,1.0,CHB_15377,rxn_63
217,1.0,CHB_16383,rxn_63
218,-1.0,CHB_16087,rxn_64
219,1.0,CHB_30769,rxn_64
220,-1.0,CHB_29052,rxn_65
221,1.0,CHB_16108,rxn_65
222,-1.0,CHB_15422,rxn_66
223,-1.0,CHB_30089,rxn_66
224,1.0,CHB_15350,rxn_66
225,1.0,CHB_16761,rxn_66
226,-1.0,CHB_15846,rxn_67
227,-1.0,CHB_26078,rxn_67
228,-1.0,CHB_29052,rxn_67
229,1.0,CHB_16001,rxn_67
230,1.0,CHB_16908,rxn_67
231,-1.0,CHB_15377,rxn_68
232,-1.0,CHB_15978,rxn_68
233,1.0,CHB_17754,rxn_68
234,1.0,CHB_26078,rxn_68
235,-1.0,CHB_15422,rxn_69
236,-1.0,CHB_17794,rxn_69
237,1.0,CHB_16001,rxn_69
238,1.0,CHB_16761,rxn_69
239,-1.0,CHB_17596,rxn_70
240,-1.0,CHB_26078,rxn_70
241,1.0,CHB_17368,rxn_70
242,1.0,CHB_35425,rxn_70
243,-1.0,CHB_15422,rxn_71
244,-1.0,CHB_16171,rxn_71
245,1.0,CHB_15846,rxn_71
246,1.0,CHB_18361,rxn_71
247,-1.0,CHB_16087,rxn_72
248,-1.0,CHB_18009,rxn_72
249,1.0,CHB_16474,rxn_72
250,1.0,CHB_16526,rxn_72
251,1.0,CHB_16810,rxn_72
252,-1.0,CHB_15355,rxn_73
253,-1.0,CHB_15377,rxn_73
254,1.0,CHB_15354,rxn_73
255,1.0,CHB_30089,rxn_73
256,-1.0,CHB_15377,rxn_74
257,-1.0,CHB_40595,rxn_74
258,1.0,CHB_26078,rxn_74
259,1.0,CHB_37515,rxn_74
260,-1.0,CHB_15377,rxn_75
261,-1.0,CHB_40595,rxn_75
262,1.0,CHB_26078,rxn_75
263,1.0,CHB_61553,rxn_75
264,-1.0,CHB_15377,rxn_76
265,-1.0,CHB_37515,rxn_76
266,1.0,CHB_26078,rxn_76
267,1.0,CHB_37721,rxn_76
268,-1.0,CHB_15377,rxn_77
269,-1.0,CHB_61553,rxn_77
270,1.0,CHB_26078,rxn_77
271,1.0,CHB_37721,rxn_77
272,-1.0,CHB_15377,rxn_78
273,-1.0,CHB_4141,rxn_78
274,1.0,CHB_26078,rxn_78
275,1.0,CHB_4139,rxn_78
276,-1.0,CHB_15377,rxn_79
277,-1.0,CHB_4170,rxn_79
278,1.0,CHB_26078,rxn_79
279,1.0,CHB_4167,rxn_79
280,-1.0,CHB_15377,rxn_80
281,-1.0,CHB_43896,rxn_80
282,1.0,CHB_26078,rxn_80
283,1.0,CHB_4208,rxn_80
284,-1.0,CHB_26078,rxn_81
285,-1.0,CHB_28997,rxn_81
286,1.0,CHB_11563,rxn_81
287,1.0,CHB_17368,rxn_81
288,-1.0,CHB_15377,rxn_82
289,-1.0,PBC_75612,rxn_82
290,1.0,CHB_15354,rxn_82
291,1.0,CHB_17272,rxn_82
292,-1.0,CHB_43896,rxn_83
293,1.0,CHB_61553,rxn_83
294,-1.0,CHB_15846,rxn_84
295,-1.0,CHB_17924,rxn_84
296,1.0,CHB_16908,rxn_84
297,1.0,CHB_37721,rxn_84
298,-1.0,CHB_15846,rxn_85
299,-1.0,CHB_50211,rxn_85
300,1.0,CHB_16908,rxn_85
301,1.0,CHB_17898,rxn_85
302,-1.0,CHB_15377,rxn_86
303,-1.0,MAN_10067,rxn_86
304,1.0,CHB_42843,rxn_86
305,1.0,PBC_151021,rxn_86
306,-1.0,CHB_17154,rxn_87
307,-1.0,CHB_35425,rxn_87
308,1.0,CHB_15927,rxn_87
309,1.0,CHB_26078,rxn_87
310,-1.0,CHB_15846,rxn_88
311,-1.0,CHB_17824,rxn_88
312,1.0,CHB_15347,rxn_88
313,1.0,CHB_16908,rxn_88
314,-1.0,CHB_15377,rxn_89
315,-1.0,MAN_10067,rxn_89
316,1.0,CHB_16134,rxn_89
317,1.0,MAN_10068,rxn_89
318,-1.0,CHB_17306,rxn_90
319,-1.0,CHB_26078,rxn_90
320,1.0,CHB_16077,rxn_90
321,1.0,CHB_4167,rxn_90
322,-1.0,CHB_37480,rxn_91
323,1.0,CHB_16077,rxn_91
324,-1.0,CHB_29985,rxn_92
325,1.0,CHB_29989,rxn_92
326,-1.0,CHB_15351,rxn_93
327,-1.0,CHB_26078,rxn_93
328,1.0,CHB_15346,rxn_93
329,1.0,CHB_15350,rxn_93
330,-1.0,CHB_15351,rxn_94
331,-1.0,CHB_15377,rxn_94
332,-1.0,CHB_15589,rxn_94
333,-1.0,CHB_15846,rxn_94
334,1.0,CHB_15346,rxn_94
335,1.0,CHB_16908,rxn_94
336,1.0,CHB_30769,rxn_94
337,-1.0,CHB_15846,rxn_95
338,-1.0,CHB_4167,rxn_95
339,1.0,CHB_16217,rxn_95
340,1.0,CHB_16908,rxn_95
341,-1.0,CHB_58725,rxn_96
342,1.0,CHB_27625,rxn_96
343,-1.0,CHB_15343,rxn_97
344,-1.0,CHB_15346,rxn_97
345,-1.0,CHB_15846,rxn_97
346,1.0,CHB_15351,rxn_97
347,1.0,CHB_16908,rxn_97
348,-1.0,CHB_15589,rxn_98
349,-1.0,CHB_18009,rxn_98
350,1.0,CHB_15361,rxn_98
351,1.0,CHB_16474,rxn_98
352,1.0,CHB_16526,rxn_98
353,-1.0,CHB_53455,rxn_99
354,1.0,CHS_388344,rxn_99
355,-1.0,CHB_15346,rxn_100
356,-1.0,CHB_15422,rxn_100
357,-1.0,CHB_30089,rxn_100
358,1.0,CHB_15351,rxn_100
359,1.0,CHB_16027,rxn_100
360,1.0,CHB_18361,rxn_100
361,-1.0,CHB_15846,rxn_101
362,-1.0,CHB_16474,rxn_101
363,1.0,CHB_16908,rxn_101
364,1.0,CHB_18009,rxn_101
365,-1.0,CHB_10983,rxn_102
366,-1.0,CHB_15846,rxn_102
367,1.0,CHB_13705,rxn_102
368,1.0,CHB_16908,rxn_102
369,-2.0,CHB_15351,rxn_103
370,1.0,CHB_15345,rxn_103
371,1.0,CHB_15346,rxn_103
372,-1.0,CHB_13705,rxn_104
373,-1.0,CHB_15380,rxn_104
374,1.0,CHB_15345,rxn_104
375,1.0,CHB_30031,rxn_104
376,-1.0,CHB_15346,rxn_105
377,-1.0,CHB_15422,rxn_105
378,-1.0,CHB_45571,rxn_105
379,1.0,CHB_16027,rxn_105
380,1.0,CHB_18361,rxn_105
381,1.0,MAN_10013,rxn_105
382,-1.0,CHB_15377,rxn_106
383,-1.0,CHB_29985,rxn_106
384,-1.0,PBC_4481,rxn_106
385,1.0,CHB_16134,rxn_106
386,1.0,CHB_16810,rxn_106
387,1.0,PBC_4066204,rxn_106
388,-1.0,CHB_15377,rxn_107
389,-1.0,CHB_18009,rxn_107
390,-1.0,CHB_29985,rxn_107
391,1.0,CHB_16134,rxn_107
392,1.0,CHB_16474,rxn_107
393,1.0,CHB_16810,rxn_107
394,-1.0,CHB_15682,rxn_108
395,1.0,CHB_16467,rxn_108
396,1.0,CHB_29806,rxn_108
397,-1.0,CHB_15846,rxn_109
398,-1.0,CHB_17347,rxn_109
399,1.0,CHB_16422,rxn_109
400,1.0,CHB_16908,rxn_109
401,-1.0,CHB_52742,rxn_110
402,1.0,CHB_17363,rxn_110
403,-1.0,CHB_15422,rxn_111
404,-1.0,CHB_17808,rxn_111
405,1.0,CHB_16039,rxn_111
406,1.0,CHB_16761,rxn_111
407,-1.0,CHB_17063,rxn_112
408,1.0,CHB_16108,rxn_112
409,1.0,CHB_16842,rxn_112
410,-1.0,CHB_15517,rxn_113
411,-1.0,CHB_50428,rxn_113
412,1.0,CHB_36926,rxn_113
413,1.0,MAN_10081,rxn_113
414,-1.0,CHB_15346,rxn_114
415,-1.0,CHB_15422,rxn_114
416,-1.0,CHB_17272,rxn_114
417,1.0,CHB_16027,rxn_114
418,1.0,CHB_18361,rxn_114
419,1.0,PBC_92753,rxn_114
420,-1.0,CHB_15422,rxn_115
421,-1.0,CHB_16134,rxn_115
422,-1.0,CHB_29985,rxn_115
423,1.0,CHB_16761,rxn_115
424,1.0,CHB_18050,rxn_115
425,1.0,CHB_26078,rxn_115
426,-1.0,CHB_15377,rxn_116
427,-1.0,CHB_30864,rxn_116
428,1.0,CHB_15859,rxn_116
429,-1.0,CHB_15377,rxn_117
430,-1.0,CHB_16342,rxn_117
431,1.0,CHB_15859,rxn_117
432,-1.0,MAN_10123,rxn_118
433,1.0,CHB_27671,rxn_118
434,-1.0,CHB_18080,rxn_119
435,1.0,CHB_16508,rxn_119
436,-1.0,CHB_15350,rxn_120
437,-1.0,CHB_16069,rxn_120
438,1.0,CHB_16984,rxn_120
439,1.0,CHB_26078,rxn_120
440,-1.0,CHB_15846,rxn_121
441,-1.0,CHB_16982,rxn_121
442,1.0,CHB_15686,rxn_121
443,1.0,CHB_16908,rxn_121
444,-1.0,CHB_15453,rxn_123
445,-1.0,CHB_15846,rxn_123
446,1.0,CHB_16908,rxn_123
447,1.0,CHB_57286,rxn_123
448,-1.0,CHB_15846,rxn_124
449,-1.0,CHB_28276,rxn_124
450,1.0,CHB_16908,rxn_124
451,1.0,CHB_27648,rxn_124
452,-1.0,CHB_15422,rxn_125
453,-1.0,CHB_29991,rxn_125
454,1.0,CHB_16761,rxn_125
455,1.0,CHB_30407,rxn_125
456,-1.0,CHB_18009,rxn_126
457,-1.0,CHB_18051,rxn_126
458,-1.0,CHB_26078,rxn_126
459,1.0,CHB_15836,rxn_126
460,1.0,CHB_16474,rxn_126
461,-1.0,CHB_15699,rxn_127
462,-1.0,CHB_15846,rxn_127
463,1.0,CHB_16908,rxn_127
464,1.0,CHB_18051,rxn_127
465,-1.0,CHB_15699,rxn_128
466,-1.0,CHB_18009,rxn_128
467,1.0,CHB_16474,rxn_128
468,1.0,CHB_18051,rxn_128
469,-1.0,CHB_15846,rxn_129
470,-1.0,CHB_17754,rxn_129
471,1.0,CHB_16016,rxn_129
472,1.0,CHB_16908,rxn_129
473,-1.0,CHB_15919,rxn_130
474,1.0,CHB_16027,rxn_130
475,1.0,CHB_29806,rxn_130
476,-1.0,CHB_18066,rxn_131
477,-1.0,CHB_37721,rxn_131
478,1.0,CHB_17659,rxn_131
479,1.0,CHB_17992,rxn_131
480,-1.0,CHB_15846,rxn_132
481,-1.0,CHB_29751,rxn_132
482,1.0,CHB_16908,rxn_132
483,1.0,CHB_32364,rxn_132
484,-1.0,CHB_16119,rxn_133
485,-1.0,CHB_18009,rxn_133
486,1.0,CHB_16474,rxn_133
487,1.0,MAN_10177,rxn_133
488,-1.0,CHB_18009,rxn_134
489,-1.0,CHB_4170,rxn_134
490,1.0,CHB_16474,rxn_134
491,1.0,CHB_16938,rxn_134
492,-1.0,CHB_29052,rxn_135
493,-1.0,MAN_10207,rxn_135
494,1.0,CHB_48153,rxn_135
495,1.0,CHB_61553,rxn_135
496,-1.0,CHB_15346,rxn_136
497,-1.0,CHB_15422,rxn_136
498,-1.0,CHB_30031,rxn_136
499,1.0,CHB_15380,rxn_136
500,1.0,CHB_16761,rxn_136
501,1.0,CHB_26078,rxn_136
502,-1.0,MAN_10152,rxn_137
503,1.0,CHB_16108,rxn_137
504,1.0,CHB_17153,rxn_137
505,-1.0,CHB_37515,rxn_138
506,1.0,CHB_16108,rxn_138
507,1.0,CHB_17378,rxn_138
508,-1.0,CHB_15842,rxn_139
509,-1.0,CHB_18361,rxn_139
510,1.0,CHB_17111,rxn_139
511,1.0,CHB_30839,rxn_139
512,-1.0,CHB_15713,rxn_140
513,-1.0,CHB_16695,rxn_140
514,2.0,CHB_17659,rxn_140
515,-1.0,CHB_15713,rxn_141
516,-1.0,CHB_16077,rxn_141
517,1.0,CHB_18066,rxn_141
518,1.0,CHB_18361,rxn_141
519,-1.0,CHB_15846,rxn_142
520,-1.0,CHB_16298,rxn_142
521,1.0,CHB_16908,rxn_142
522,1.0,CHB_61553,rxn_142
523,-1.0,CHB_15846,rxn_143
524,-1.0,CHB_16659,rxn_143
525,1.0,CHB_16908,rxn_143
526,1.0,CHB_30841,rxn_143
527,-1.0,CHB_15846,rxn_144
528,-1.0,CHB_29805,rxn_144
529,1.0,CHB_16891,rxn_144
530,1.0,CHB_16908,rxn_144
531,-1.0,CHB_15428,rxn_145
532,-1.0,CHB_16842,rxn_145
533,1.0,CHB_17115,rxn_145
534,-1.0,CHB_16810,rxn_146
535,-1.0,CHB_16996,rxn_146
536,1.0,CHB_16426,rxn_146
537,1.0,CHB_29985,rxn_146
538,-1.0,CHB_15377,rxn_147
539,-1.0,CHB_18050,rxn_147
540,1.0,CHB_16134,rxn_147
541,1.0,CHB_29985,rxn_147
542,-1.0,CHB_17666,rxn_148
543,1.0,CHB_16332,rxn_148
544,-1.0,CHB_62346,rxn_149
545,1.0,MAN_10205,rxn_149
546,-1.0,CHB_15422,rxn_150
547,-1.0,CHB_57328,rxn_150
548,1.0,CHB_15346,rxn_150
549,1.0,CHB_16761,rxn_150
550,-1.0,CHB_2181,rxn_151
551,1.0,MAN_10202,rxn_151
552,-1.0,CHB_15517,rxn_152
553,-1.0,PBC_6817,rxn_152
554,1.0,CHB_36926,rxn_152
555,1.0,CHB_8653,rxn_152
556,-1.0,CHB_17898,rxn_153
557,1.0,CHB_16066,rxn_153
558,-1.0,CHB_17363,rxn_154
559,1.0,CHB_16332,rxn_154
560,-1.0,CHB_16651,rxn_155
561,-1.0,PBC_123926,rxn_155
562,1.0,CHB_15361,rxn_155
563,1.0,MAN_10059,rxn_155
564,-1.0,CHB_16236,rxn_156
565,-1.0,PBC_123926,rxn_156
566,1.0,CHB_15343,rxn_156
567,1.0,MAN_10059,rxn_156
568,-1.0,CHB_15377,rxn_157
569,-1.0,CHB_29985,rxn_157
570,-1.0,PBC_123926,rxn_157
571,1.0,CHB_16134,rxn_157
572,1.0,CHB_16810,rxn_157
573,1.0,MAN_10059,rxn_157
574,-1.0,CHB_15846,rxn_158
575,-1.0,CHB_17268,rxn_158
576,1.0,CHB_16908,rxn_158
577,1.0,MAN_10075,rxn_158
578,-1.0,CHB_15377,rxn_159
579,-1.0,CHB_58725,rxn_159
580,1.0,CHB_16134,rxn_159
581,1.0,CHB_61553,rxn_159
582,-1.0,CHB_28543,rxn_160
583,1.0,CHS_388344,rxn_160
584,-1.0,CHB_4208,rxn_161
585,1.0,CHB_37721,rxn_161
586,-1.0,CHB_63152,rxn_162
587,1.0,MAN_10214,rxn_162
588,-1.0,CHB_15428,rxn_163
589,-1.0,CHB_15639,rxn_163
590,1.0,CHB_15635,rxn_163
591,1.0,CHB_18415,rxn_163
592,-1.0,CHB_15428,rxn_164
593,-1.0,CHB_16467,rxn_164
594,1.0,CHB_15729,rxn_164
595,1.0,CHB_16344,rxn_164
596,-1.0,CHB_7125,rxn_165
597,1.0,CHB_15784,rxn_165
598,-1.0,CHB_30769,rxn_166
599,1.0,CHB_16452,rxn_166
600,1.0,CHB_30089,rxn_166
601,-1.0,CHB_15452,rxn_167
602,1.0,CHB_15377,rxn_167
603,1.0,MAN_10169,rxn_167
604,-1.0,CHB_74474,rxn_168
605,1.0,CHB_15377,rxn_168
606,1.0,MAN_10142,rxn_168
607,-1.0,CHB_28276,rxn_169
608,1.0,CHB_15377,rxn_169
609,1.0,CHB_28706,rxn_169
610,-1.0,CHB_15846,rxn_170
611,-1.0,CHB_541975,rxn_170
612,1.0,CHB_16908,rxn_170
613,1.0,MAN_10082,rxn_170
614,-1.0,CHB_15846,rxn_171
615,-1.0,MAN_10156,rxn_171
616,1.0,CHB_16908,rxn_171
617,1.0,MAN_10157,rxn_171
618,-1.0,CHB_17111,rxn_172
619,-1.0,PBC_9679,rxn_172
620,1.0,CHB_18361,rxn_172
621,1.0,MAN_10145,rxn_172
622,-1.0,CHB_17980,rxn_173
623,-1.0,CHB_39360,rxn_173
624,1.0,CHB_17985,rxn_173
625,1.0,MAN_10126,rxn_173
626,-1.0,CHB_16836,rxn_174
627,-1.0,CHB_17980,rxn_174
628,1.0,CHB_17985,rxn_174
629,1.0,CHB_35422,rxn_174
630,-1.0,CHB_17151,rxn_175
631,-1.0,CHB_18009,rxn_175
632,1.0,CHB_16474,rxn_175
633,1.0,MAN_10210,rxn_175
634,-1.0,CHB_15343,rxn_176
635,-1.0,CHB_15428,rxn_176
636,1.0,CHB_16857,rxn_176
637,-1.0,CHB_18066,rxn_177
638,1.0,CHB_18307,rxn_177
639,-1.0,CHB_15729,rxn_178
640,-1.0,CHB_17672,rxn_178
641,1.0,CHB_16349,rxn_178
642,1.0,CHB_26078,rxn_178
643,-1.0,CHB_15422,rxn_179
644,-1.0,CHB_4167,rxn_179
645,1.0,CHB_16761,rxn_179
646,1.0,CHB_4170,rxn_179
647,-1.0,CHB_11805,rxn_180
648,-1.0,CHB_15846,rxn_180
649,1.0,CHB_16256,rxn_180
650,1.0,CHB_16908,rxn_180
651,-1.0,CHB_15846,rxn_181
652,-1.0,CHB_18047,rxn_181
653,1.0,CHB_16908,rxn_181
654,1.0,CHB_30313,rxn_181
655,-1.0,CHB_15846,rxn_182
656,-1.0,PBC_11301,rxn_182
657,1.0,CHB_16908,rxn_182
658,1.0,MAN_10012,rxn_182
659,-1.0,CHB_18066,rxn_183
660,-1.0,CHB_4170,rxn_183
661,1.0,CHB_17659,rxn_183
662,1.0,CHB_18283,rxn_183
663,-1.0,CHB_15996,rxn_184
664,-1.0,CHB_17202,rxn_184
665,-1.0,CHB_29991,rxn_184
666,1.0,CHB_15919,rxn_184
667,1.0,CHB_17552,rxn_184
668,1.0,CHB_26078,rxn_184
669,-1.0,CHB_15846,rxn_185
670,-1.0,CHB_15963,rxn_185
671,1.0,CHB_16908,rxn_185
672,1.0,CHB_28552,rxn_185
673,-1.0,CHB_17535,rxn_186
674,1.0,MAN_10208,rxn_186
675,-1.0,CHB_15846,rxn_187
676,-1.0,CHB_16469,rxn_187
677,1.0,CHB_16908,rxn_187
678,1.0,CHB_17263,rxn_187
679,-1.0,CHB_15422,rxn_188
680,-1.0,CHB_15918,rxn_188
681,1.0,CHB_16761,rxn_188
682,1.0,CHB_28846,rxn_188
683,-1.0,CHB_15422,rxn_189
684,-1.0,CHB_16189,rxn_189
685,1.0,CHB_17709,rxn_189
686,1.0,CHB_18361,rxn_189
687,-1.0,CHB_15377,rxn_190
688,-1.0,CHB_15422,rxn_190
689,-1.0,CHB_16189,rxn_190
690,1.0,CHB_17709,rxn_190
691,2.0,CHB_26078,rxn_190
692,-1.0,CHB_17057,rxn_191
693,-1.0,CHB_26078,rxn_191
694,1.0,CHB_16077,rxn_191
695,1.0,CHB_4167,rxn_191
696,-1.0,CHB_47980,rxn_192
697,1.0,CHB_16134,rxn_192
698,1.0,CHB_36986,rxn_192
699,-1.0,CHB_29052,rxn_193
700,-1.0,CHB_37721,rxn_193
701,1.0,CHB_17378,rxn_193
702,1.0,CHB_61553,rxn_193
703,-1.0,CHB_18009,rxn_194
704,-1.0,CHB_18391,rxn_194
705,1.0,CHB_16474,rxn_194
706,1.0,CHB_27469,rxn_194
707,-1.0,CHB_15846,rxn_195
708,-1.0,CHB_16510,rxn_195
709,1.0,CHB_16908,rxn_195
710,1.0,CHB_33190,rxn_195
711,-1.0,CHB_15377,rxn_196
712,-1.0,CHB_16680,rxn_196
713,1.0,CHB_16335,rxn_196
714,1.0,CHB_17588,rxn_196
715,-1.0,CHB_15846,rxn_197
716,-1.0,PBC_120700,rxn_197
717,1.0,CHB_16908,rxn_197
718,1.0,CHS_9553766,rxn_197
719,-1.0,CHB_15846,rxn_198
720,-1.0,PBC_101748,rxn_198
721,1.0,CHB_16908,rxn_198
722,1.0,MAN_10206,rxn_198
723,-1.0,CHB_15846,rxn_199
724,-1.0,CHB_18202,rxn_199
725,1.0,CHB_16908,rxn_199
726,1.0,CHB_48649,rxn_199
727,-1.0,CHB_15846,rxn_200
728,-1.0,CHB_42090,rxn_200
729,1.0,CHB_16908,rxn_200
730,1.0,CHB_27913,rxn_200
731,-1.0,CHB_15846,rxn_201
732,-1.0,CHB_17151,rxn_201
733,1.0,CHB_16908,rxn_201
734,1.0,CHS_388344,rxn_201
735,-1.0,CHB_15422,rxn_202
736,-1.0,CHB_17659,rxn_202
737,1.0,CHB_15713,rxn_202
738,1.0,CHB_16761,rxn_202
739,-1.0,CHB_15846,rxn_203
740,-1.0,CHB_18099,rxn_203
741,1.0,CHB_16908,rxn_203
742,1.0,CHB_17854,rxn_203
743,-1.0,CHB_18319,rxn_204
744,1.0,CHB_29806,rxn_204
745,1.0,MAN_10145,rxn_204
746,-1.0,CHB_15846,rxn_205
747,-1.0,CHB_17694,rxn_205
748,1.0,CHB_16908,rxn_205
749,1.0,CHB_17460,rxn_205
750,-1.0,CHB_16810,rxn_206
751,-1.0,CHB_30566,rxn_206
752,1.0,CHB_29985,rxn_206
753,1.0,CHB_57706,rxn_206
754,-1.0,CHB_15846,rxn_207
755,-1.0,CHB_17044,rxn_207
756,1.0,CHB_16908,rxn_207
757,1.0,CHB_61553,rxn_207
758,-1.0,CHB_15713,rxn_208
759,-1.0,PBC_440272,rxn_208
760,1.0,CHB_16264,rxn_208
761,1.0,CHB_18361,rxn_208
762,-1.0,CHB_15639,rxn_209
763,-1.0,CHB_29985,rxn_209
764,1.0,CHB_15635,rxn_209
765,1.0,CHB_7274,rxn_209
766,-1.0,CHB_15846,rxn_210
767,-1.0,MAN_10159,rxn_210
768,1.0,CHB_16908,rxn_210
769,1.0,MAN_10158,rxn_210
770,-1.0,MAN_10086,rxn_211
771,1.0,CHB_16134,rxn_211
772,1.0,MAN_10087,rxn_211
773,-1.0,CHB_4153,rxn_212
774,1.0,CHB_17886,rxn_212
775,-1.0,PBC_444791,rxn_213
776,1.0,CHB_4126,rxn_213
777,-1.0,CHB_15377,rxn_214
778,-1.0,CHB_15428,rxn_214
779,-1.0,CHB_1989,rxn_214
780,1.0,CHB_15635,rxn_214
781,1.0,CHB_17115,rxn_214
782,-1.0,CHB_35418,rxn_215
783,1.0,CHB_15361,rxn_215
784,1.0,CHB_63153,rxn_215
785,-1.0,CHB_17200,rxn_216
786,1.0,CHB_16085,rxn_216
787,-1.0,CHB_17983,rxn_217
788,1.0,CHB_16082,rxn_217
789,-1.0,CHB_16997,rxn_218
790,-1.0,CHB_18009,rxn_218
791,1.0,CHB_16474,rxn_218
792,1.0,CHB_18041,rxn_218
793,-1.0,CHB_18019,rxn_219
794,1.0,CHB_16855,rxn_219
795,-1.0,CHB_15377,rxn_220
796,-1.0,CHB_15638,rxn_220
797,1.0,CHB_15637,rxn_220
798,-1.0,CHB_18066,rxn_221
799,-1.0,CHB_37480,rxn_221
800,1.0,CHB_16077,rxn_221
801,1.0,CHB_18307,rxn_221
802,-1.0,CHB_18066,rxn_222
803,-1.0,CHB_61553,rxn_222
804,1.0,CHB_16308,rxn_222
805,1.0,CHB_17659,rxn_222
806,-1.0,CHB_15846,rxn_223
807,-1.0,CHB_16724,rxn_223
808,1.0,CHB_16908,rxn_223
809,1.0,CHB_57706,rxn_223
810,-1.0,CHB_15377,rxn_224
811,-1.0,CHB_15846,rxn_224
812,-1.0,CHB_16977,rxn_224
813,1.0,CHB_15361,rxn_224
814,1.0,CHB_16134,rxn_224
815,1.0,CHB_16908,rxn_224
816,-1.0,CHB_15422,rxn_225
817,-1.0,CHB_16349,rxn_225
818,-1.0,CHB_29991,rxn_225
819,1.0,CHB_15682,rxn_225
820,1.0,CHB_16027,rxn_225
821,1.0,CHB_18361,rxn_225
822,-1.0,CHB_15422,rxn_226
823,-1.0,CHB_4139,rxn_226
824,1.0,CHB_16761,rxn_226
825,1.0,CHB_37480,rxn_226
826,-1.0,CHB_29052,rxn_227
827,-1.0,CHB_61553,rxn_227
828,1.0,CHB_16332,rxn_227
829,1.0,CHB_48153,rxn_227
830,-1.0,CHB_17071,rxn_228
831,-1.0,CHB_61553,rxn_228
832,1.0,CHB_27913,rxn_228
833,1.0,CHB_48153,rxn_228
834,-1.0,CHB_29052,rxn_229
835,-1.0,MAN_10207,rxn_229
836,1.0,CHB_16332,rxn_229
837,1.0,CHB_52742,rxn_229
838,-1.0,CHB_15377,rxn_230
839,-1.0,MAN_10136,rxn_230
840,1.0,MAN_10130,rxn_230
841,1.0,PBC_151021,rxn_230
842,-1.0,CHB_15846,rxn_231
843,-1.0,CHB_16659,rxn_231
844,1.0,CHB_16908,rxn_231
845,1.0,CHB_16992,rxn_231
846,-1.0,CHB_16077,rxn_232
847,-1.0,CHB_18077,rxn_232
848,1.0,CHB_15700,rxn_232
849,1.0,CHB_18361,rxn_232
850,-1.0,CHB_30864,rxn_233
851,-1.0,PBC_123926,rxn_233
852,1.0,CHB_30839,rxn_233
853,1.0,MAN_10059,rxn_233
854,-1.0,CHB_15846,rxn_234
855,-1.0,CHB_30864,rxn_234
856,1.0,CHB_16908,rxn_234
857,1.0,CHB_30839,rxn_234
858,-1.0,CHB_16629,rxn_235
859,-1.0,CHB_17857,rxn_235
860,1.0,CHB_18361,rxn_235
861,1.0,CHB_9533,rxn_235
862,-1.0,CHB_15422,rxn_236
863,-1.0,CHB_17228,rxn_236
864,1.0,CHB_16761,rxn_236
865,1.0,PBC_439923,rxn_236
866,-1.0,CHB_15377,rxn_237
867,-1.0,CHB_15603,rxn_237
868,-1.0,CHB_15846,rxn_237
869,1.0,CHB_16134,rxn_237
870,1.0,CHB_16908,rxn_237
871,1.0,CHB_48430,rxn_237
872,-1.0,CHB_15377,rxn_238
873,-1.0,CHB_15811,rxn_238
874,1.0,CHB_17115,rxn_238
875,1.0,CHB_26078,rxn_238
876,-1.0,CHB_15539,rxn_239
877,-1.0,CHB_16452,rxn_239
878,1.0,CHB_15361,rxn_239
879,1.0,CHB_16625,rxn_239
880,-1.0,CHB_16750,rxn_240
881,-1.0,CHB_26078,rxn_240
882,1.0,CHB_16235,rxn_240
883,1.0,CHB_35425,rxn_240
884,-1.0,CHB_29025,rxn_241
885,1.0,CHB_15361,rxn_241
886,1.0,MAN_10203,rxn_241
887,-1.0,CHB_15846,rxn_242
888,-1.0,CHB_16899,rxn_242
889,1.0,CHB_16908,rxn_242
890,1.0,CHB_37721,rxn_242
891,-1.0,CHB_17860,rxn_243
892,1.0,CHB_15361,rxn_243
893,1.0,CHB_29052,rxn_243
894,-1.0,CHB_15925,rxn_244
895,1.0,CHB_15361,rxn_244
896,1.0,CHB_29052,rxn_244
897,-1.0,CHB_15846,rxn_245
898,-1.0,CHB_4139,rxn_245
899,1.0,CHB_15895,rxn_245
900,1.0,CHB_16908,rxn_245
901,-1.0,CHB_15422,rxn_246
902,-1.0,CHB_16077,rxn_246
903,1.0,CHB_15751,rxn_246
904,1.0,CHB_18361,rxn_246
905,-1.0,CHB_6220,rxn_247
906,1.0,CHB_16108,rxn_247
907,1.0,CHB_18041,rxn_247
908,-1.0,CHB_15346,rxn_248
909,-1.0,CHB_15589,rxn_248
910,1.0,CHB_15351,rxn_248
911,1.0,CHB_15377,rxn_248
912,1.0,CHB_16891,rxn_248
913,-1.0,CHB_15377,rxn_249
914,-1.0,CHB_15428,rxn_249
915,-1.0,CHB_15846,rxn_249
916,1.0,CHB_16134,rxn_249
917,1.0,CHB_16891,rxn_249
918,1.0,CHB_16908,rxn_249
919,-1.0,CHB_15422,rxn_250
920,-1.0,CHB_15539,rxn_250
921,-1.0,CHB_17544,rxn_250
922,1.0,CHB_15466,rxn_250
923,1.0,CHB_16761,rxn_250
924,1.0,CHB_26078,rxn_250
925,-1.0,CHB_15422,rxn_251
926,-1.0,CHB_15635,rxn_251
927,-1.0,CHB_15740,rxn_251
928,1.0,CHB_15637,rxn_251
929,1.0,CHB_16761,rxn_251
930,1.0,CHB_26078,rxn_251
931,-1.0,CHB_15422,rxn_252
932,-1.0,CHB_17361,rxn_252
933,1.0,CHB_16761,rxn_252
934,1.0,CHB_17239,rxn_252
935,-1.0,CHB_29985,rxn_253
936,-1.0,CHB_35266,rxn_253
937,1.0,CHB_16810,rxn_253
938,1.0,CHB_17279,rxn_253
939,-1.0,CHB_28187,rxn_254
940,1.0,CHB_16523,rxn_254
941,1.0,CHB_16842,rxn_254
942,-1.0,CHB_74819,rxn_255
943,1.0,CHB_15570,rxn_255
944,1.0,CHB_16842,rxn_255
945,-1.0,CHB_15635,rxn_256
946,-1.0,CHB_28187,rxn_256
947,1.0,CHB_15377,rxn_256
948,1.0,CHB_16523,rxn_256
949,1.0,CHB_1989,rxn_256
950,-1.0,CHB_15635,rxn_257
951,-1.0,CHB_74819,rxn_257
952,1.0,CHB_15377,rxn_257
953,1.0,CHB_15570,rxn_257
954,1.0,CHB_1989,rxn_257
955,-1.0,CHB_15465,rxn_258
956,1.0,CHB_15466,rxn_258
957,-1.0,CHB_16708,rxn_259
958,-1.0,CHB_17748,rxn_259
959,1.0,CHB_17256,rxn_259
960,1.0,CHB_17821,rxn_259
961,-1.0,CHB_15377,rxn_260
962,-1.0,MAN_10124,rxn_260
963,1.0,CHB_26078,rxn_260
964,1.0,PBC_8880,rxn_260
965,-1.0,CHB_15377,rxn_261
966,-1.0,CHB_75305,rxn_261
967,1.0,CHB_15429,rxn_261
968,1.0,CHB_29985,rxn_261
969,-1.0,CHB_15351,rxn_262
970,-1.0,CHB_16347,rxn_262
971,1.0,CHB_15346,rxn_262
972,1.0,CHB_57589,rxn_262
973,-1.0,CHB_15635,rxn_263
974,-1.0,CHB_18009,rxn_263
975,1.0,CHB_15633,rxn_263
976,1.0,CHB_16474,rxn_263
977,-1.0,CHB_15377,rxn_264
978,-1.0,MAN_10088,rxn_264
979,1.0,CHB_15429,rxn_264
980,1.0,CHB_21563,rxn_264
981,-1.0,CHB_17742,rxn_265
982,1.0,CHB_15361,rxn_265
983,1.0,CHB_16891,rxn_265
984,-2.0,CHB_16856,rxn_266
985,-1.0,CHB_18009,rxn_266
986,1.0,CHB_16474,rxn_266
987,1.0,CHB_17858,rxn_266
988,-1.0,CHB_29989,rxn_267
989,1.0,CHB_15377,rxn_267
990,1.0,CHB_16924,rxn_267
991,-1.0,CHB_15846,rxn_268
992,-1.0,MAN_10085,rxn_268
993,1.0,CHB_16908,rxn_268
994,1.0,MAN_10056,rxn_268
995,-1.0,CHB_18009,rxn_269
996,-1.0,CHB_18391,rxn_269
997,1.0,CHB_16474,rxn_269
998,1.0,MAN_10099,rxn_269
999,-1.0,CHB_15346,rxn_270
1000,-1.0,CHB_16891,rxn_270
1001,-1.0,CHB_18009,rxn_270
1002,1.0,CHB_15535,rxn_270
1003,1.0,CHB_16474,rxn_270
1004,-1.0,CHB_15522,rxn_271
1005,-1.0,CHB_26078,rxn_271
1006,1.0,CHB_15346,rxn_271
1007,1.0,CHB_16729,rxn_271
1008,-1.0,CHB_18095,rxn_272
1009,1.0,CHB_16231,rxn_272
1010,-1.0,CHB_15846,rxn_273
1011,-1.0,CHB_57561,rxn_273
1012,1.0,CHB_16908,rxn_273
1013,1.0,CHB_16943,rxn_273
1014,-1.0,CHB_47980,rxn_274
1015,1.0,CHB_29985,rxn_274
1016,-1.0,CHB_17672,rxn_275
1017,-1.0,CHB_18058,rxn_275
1018,1.0,CHB_26078,rxn_275
1019,1.0,MAN_10167,rxn_275
1020,-1.0,CHB_15465,rxn_276
1021,1.0,CHB_15380,rxn_276
1022,-1.0,CHB_17410,rxn_277
1023,1.0,CHB_16806,rxn_277
1024,-1.0,CHB_15525,rxn_278
1025,-1.0,CHB_16347,rxn_278
1026,1.0,CHB_15346,rxn_278
1027,1.0,CHB_17490,rxn_278
1028,-1.0,CHB_15996,rxn_279
1029,-1.0,CHB_35374,rxn_279
1030,1.0,CHB_15820,rxn_279
1031,1.0,CHB_18361,rxn_279
1032,-1.0,CHB_15846,rxn_280
1033,-2.0,CHB_16856,rxn_280
1034,1.0,CHB_16908,rxn_280
1035,1.0,CHB_17858,rxn_280
1036,-1.0,CHB_30744,rxn_281
1037,1.0,CHB_17479,rxn_281
1038,-1.0,CHB_15377,rxn_282
1039,-1.0,CHB_27652,rxn_282
1040,1.0,CHB_53013,rxn_282
1041,-1.0,CHB_15422,rxn_283
1042,-1.0,CHB_63528,rxn_283
1043,1.0,CHB_16761,rxn_283
1044,1.0,CHB_18075,rxn_283
1045,-1.0,CHB_541975,rxn_284
1046,-1.0,PBC_4156341,rxn_284
1047,1.0,MAN_10082,rxn_284
1048,1.0,MAN_10151,rxn_284
1049,-1.0,CHB_15377,rxn_285
1050,-1.0,PBC_269632,rxn_285
1051,1.0,CHB_17296,rxn_285
1052,1.0,CHB_18089,rxn_285
1053,-1.0,MAN_10211,rxn_286
1054,1.0,CHB_16108,rxn_286
1055,1.0,CHB_18041,rxn_286
1056,-1.0,CHB_15846,rxn_287
1057,-1.0,CHB_16138,rxn_287
1058,1.0,CHB_16622,rxn_287
1059,1.0,CHB_16908,rxn_287
1060,-1.0,CHB_15412,rxn_288
1061,1.0,CHB_16199,rxn_288
1062,1.0,CHB_16891,rxn_288
1063,-1.0,CHB_15784,rxn_289
1064,1.0,CHB_62168,rxn_289
1065,-1.0,CHB_506227,rxn_290
1066,1.0,CHB_63153,rxn_290
1067,-1.0,CHB_15641,rxn_291
1068,-1.0,CHB_16238,rxn_291
1069,1.0,CHB_17877,rxn_291
1070,1.0,CHB_1989,rxn_291
1071,-1.0,CHB_18009,rxn_292
1072,-1.0,CHB_4167,rxn_292
1073,1.0,CHB_16217,rxn_292
1074,1.0,CHB_16474,rxn_292
1075,-1.0,CHB_15570,rxn_293
1076,-1.0,CHB_16810,rxn_293
1077,1.0,CHB_15361,rxn_293
1078,1.0,CHB_29989,rxn_293
1079,-1.0,CHB_16077,rxn_294
1080,-1.0,CHB_17677,rxn_294
1081,1.0,CHB_18361,rxn_294
1082,1.0,CHB_35242,rxn_294
1083,-1.0,CHB_16584,rxn_295
1084,1.0,CHB_16057,rxn_295
1085,-1.0,CHB_15377,rxn_296
1086,-1.0,CHB_18361,rxn_296
1087,2.0,CHB_26078,rxn_296
1088,-1.0,CHB_15729,rxn_297
1089,-1.0,CHB_16810,rxn_297
1090,1.0,CHB_15377,rxn_297
1091,1.0,CHB_29985,rxn_297
1092,1.0,CHB_58667,rxn_297
1093,-1.0,CHB_15846,rxn_298
1094,-1.0,CHB_17794,rxn_298
1095,1.0,CHB_16908,rxn_298
1096,1.0,CHB_18110,rxn_298
1097,-1.0,CHB_16452,rxn_299
1098,-1.0,CHB_16651,rxn_299
1099,1.0,CHB_15361,rxn_299
1100,1.0,CHB_15589,rxn_299
1101,-1.0,CHB_18009,rxn_300
1102,-1.0,CHB_37721,rxn_300
1103,1.0,CHB_16474,rxn_300
1104,1.0,MAN_10209,rxn_300
1105,-1.0,CHB_18009,rxn_301
1106,-1.0,CHB_29805,rxn_301
1107,1.0,CHB_16474,rxn_301
1108,1.0,CHB_16891,rxn_301
1109,-1.0,CHB_15346,rxn_302
1110,-1.0,CHB_17858,rxn_302
1111,1.0,CHB_16856,rxn_302
1112,1.0,CHB_17586,rxn_302
1113,-1.0,CHB_15428,rxn_303
1114,-1.0,CHB_16452,rxn_303
1115,1.0,CHB_16891,rxn_303
1116,1.0,CHB_29991,rxn_303
1117,-1.0,CHB_18411,rxn_304
1118,-1.0,CHB_26078,rxn_304
1119,1.0,CHB_16077,rxn_304
1120,1.0,CHB_4167,rxn_304
1121,-1.0,CHB_26078,rxn_305
1122,-1.0,CHB_55514,rxn_305
1123,1.0,CHB_16077,rxn_305
1124,1.0,CHB_18411,rxn_305
1125,-1.0,CHB_26078,rxn_306
1126,-1.0,PBC_71312211,rxn_306
1127,1.0,CHB_16077,rxn_306
1128,1.0,CHB_55514,rxn_306
1129,-1.0,CHB_16708,rxn_307
1130,-1.0,CHB_17111,rxn_307
1131,1.0,CHB_16027,rxn_307
1132,1.0,CHB_18361,rxn_307
1133,-1.0,CHB_16810,rxn_308
1134,-1.0,CHB_60893,rxn_308
1135,1.0,CHB_17778,rxn_308
1136,1.0,CHB_29985,rxn_308
1137,-1.0,CHB_70802,rxn_309
1138,1.0,CHB_17259,rxn_309
1139,-1.0,CHB_16810,rxn_310
1140,-1.0,CHB_68523,rxn_310
1141,1.0,CHB_16128,rxn_310
1142,1.0,CHB_29985,rxn_310
1143,-1.0,CHB_15751,rxn_311
1144,-1.0,CHB_37721,rxn_311
1145,1.0,CHB_16761,rxn_311
1146,1.0,CHB_17992,rxn_311
1147,-1.0,CHB_15351,rxn_312
1148,-1.0,CHB_15354,rxn_312
1149,1.0,CHB_15346,rxn_312
1150,1.0,CHB_15355,rxn_312
1151,-1.0,CHB_17151,rxn_313
1152,-1.0,CHB_18009,rxn_313
1153,1.0,CHB_16474,rxn_313
1154,1.0,CHB_53455,rxn_313
1155,-1.0,CHB_16543,rxn_314
1156,-1.0,CHB_29985,rxn_314
1157,1.0,CHB_15729,rxn_314
1158,1.0,CHB_44337,rxn_314
1159,-1.0,CHB_15996,rxn_315
1160,-1.0,CHB_16077,rxn_315
1161,1.0,CHB_18361,rxn_315
1162,1.0,CHB_62254,rxn_315
1163,-1.0,CHB_15361,rxn_316
1164,-1.0,CHB_15422,rxn_316
1165,-1.0,CHB_17544,rxn_316
1166,1.0,CHB_16452,rxn_316
1167,1.0,CHB_16761,rxn_316
1168,1.0,CHB_26078,rxn_316
1169,-1.0,CHB_15377,rxn_317
1170,-1.0,CHB_16452,rxn_317
1171,-1.0,CHB_18361,rxn_317
1172,1.0,CHB_17544,rxn_317
1173,1.0,CHB_18021,rxn_317
1174,1.0,CHB_26078,rxn_317
1175,-1.0,CHB_15377,rxn_318
1176,-1.0,CHB_16039,rxn_318
1177,-1.0,CHB_16452,rxn_318
1178,1.0,CHB_17544,rxn_318
1179,1.0,CHB_17808,rxn_318
1180,1.0,CHB_18021,rxn_318
1181,-1.0,CHB_30936,rxn_319
1182,1.0,CHB_15361,rxn_319
1183,1.0,CHB_30089,rxn_319
1184,-1.0,CHB_18110,rxn_320
1185,-1.0,CHB_29985,rxn_320
1186,1.0,CHB_15811,rxn_320
1187,1.0,CHB_16810,rxn_320
1188,-1.0,CHB_17351,rxn_321
1189,1.0,CHB_32798,rxn_321
1190,-1.0,CHB_15346,rxn_322
1191,-1.0,CHB_15422,rxn_322
1192,-1.0,CHB_30769,rxn_322
1193,1.0,CHB_15351,rxn_322
1194,1.0,CHB_16452,rxn_322
1195,1.0,CHB_16761,rxn_322
1196,1.0,CHB_26078,rxn_322
1197,-1.0,CHB_16704,rxn_323
1198,-1.0,CHB_26078,rxn_323
1199,1.0,CHB_17568,rxn_323
1200,1.0,CHB_35425,rxn_323
1201,-1.0,CHB_16335,rxn_324
1202,-1.0,CHB_26078,rxn_324
1203,1.0,CHB_16708,rxn_324
1204,1.0,CHB_35425,rxn_324
1205,-1.0,CHB_35619,rxn_325
1206,1.0,CHB_28797,rxn_325
1207,-1.0,CHB_15603,rxn_326
1208,1.0,CHB_28225,rxn_326
1209,-1.0,CHB_15377,rxn_327
1210,-1.0,CHB_17536,rxn_327
1211,1.0,CHB_15412,rxn_327
1212,1.0,CHB_16199,rxn_327
1213,-1.0,CHB_18009,rxn_328
1214,-1.0,CHB_1989,rxn_328
1215,1.0,CHB_15638,rxn_328
1216,1.0,CHB_16474,rxn_328
1217,-1.0,CHB_15971,rxn_329
1218,1.0,CHB_16134,rxn_329
1219,1.0,CHB_27247,rxn_329
1220,-1.0,CHB_15377,rxn_330
1221,-1.0,CHB_16335,rxn_330
1222,1.0,CHB_16134,rxn_330
1223,1.0,CHB_17596,rxn_330
1224,-1.0,CHB_15846,rxn_331
1225,-1.0,CHB_16347,rxn_331
1226,1.0,CHB_16758,rxn_331
1227,1.0,CHB_16908,rxn_331
1228,-1.0,CHB_15361,rxn_332
1229,-1.0,CHB_16410,rxn_332
1230,1.0,CHB_16977,rxn_332
1231,1.0,CHB_17310,rxn_332
1232,-1.0,CHB_15361,rxn_333
1233,-1.0,MAN_10134,rxn_333
1234,1.0,CHB_16977,rxn_333
1235,1.0,MAN_10135,rxn_333
1236,-1.0,CHB_15361,rxn_334
1237,-1.0,PBC_12486188,rxn_334
1238,1.0,CHB_16977,rxn_334
1239,1.0,PBC_164889,rxn_334
1240,-1.0,CHB_15361,rxn_335
1241,-1.0,MAN_10058,rxn_335
1242,1.0,CHB_16977,rxn_335
1243,1.0,MAN_10057,rxn_335
1244,-1.0,CHB_15361,rxn_336
1245,-1.0,PBC_15850356,rxn_336
1246,1.0,CHB_16977,rxn_336
1247,1.0,MAN_10062,rxn_336
1248,-1.0,CHB_15846,rxn_337
1249,-1.0,CHB_28885,rxn_337
1250,1.0,CHB_15743,rxn_337
1251,1.0,CHB_16908,rxn_337
1252,-1.0,CHB_15846,rxn_338
1253,-1.0,CHB_87393,rxn_338
1254,1.0,CHB_16908,rxn_338
1255,1.0,CHB_88528,rxn_338
1256,-1.0,CHB_15846,rxn_339
1257,-1.0,CHB_35986,rxn_339
1258,1.0,CHB_16908,rxn_339
1259,1.0,CHB_84268,rxn_339
1260,-1.0,CHB_15846,rxn_340
1261,-1.0,CHB_16188,rxn_340
1262,1.0,CHB_16908,rxn_340
1263,1.0,CHB_17935,rxn_340
1264,-1.0,CHB_15846,rxn_341
1265,-1.0,CHB_28857,rxn_341
1266,1.0,CHB_16908,rxn_341
1267,1.0,CHB_23292,rxn_341
1268,-1.0,CHB_15846,rxn_342
1269,-1.0,PBC_5318042,rxn_342
1270,1.0,CHB_16908,rxn_342
1271,1.0,PBC_5281168,rxn_342
1272,-1.0,CHB_15361,rxn_343
1273,-1.0,CHB_15422,rxn_343
1274,-1.0,CHB_26078,rxn_343
1275,1.0,CHB_16027,rxn_343
1276,1.0,CHB_18021,rxn_343
1277,1.0,CHB_18361,rxn_343
1278,-1.0,CHB_17295,rxn_344
1279,1.0,CHB_16134,rxn_344
1280,1.0,CHB_35697,rxn_344
1281,-1.0,CHB_15846,rxn_345
1282,-1.0,CHB_17282,rxn_345
1283,1.0,CHB_16908,rxn_345
1284,1.0,CHB_17640,rxn_345
1285,-1.0,CHB_15673,rxn_346
1286,-1.0,CHB_15846,rxn_346
1287,1.0,CHB_16908,rxn_346
1288,1.0,CHB_4593,rxn_346
1289,-1.0,CHB_37680,rxn_347
1290,1.0,CHB_37725,rxn_347
1291,-1.0,MAN_10028,rxn_348
1292,1.0,CHS_24785053,rxn_348
1293,-2.0,CHB_16174,rxn_349
1294,1.0,CHB_16284,rxn_349
1295,1.0,CHB_17713,rxn_349
1296,-1.0,CHB_16634,rxn_350
1297,-1.0,CHB_17505,rxn_350
1298,1.0,CHB_17164,rxn_350
1299,1.0,CHB_17268,rxn_350
1300,-1.0,CHB_15846,rxn_351
1301,-1.0,CHB_16761,rxn_351
1302,-1.0,CHB_26078,rxn_351
1303,-1.0,CHB_29052,rxn_351
1304,1.0,CHB_15422,rxn_351
1305,1.0,CHB_16908,rxn_351
1306,1.0,CHB_17794,rxn_351
1307,-1.0,CHB_15517,rxn_352
1308,-1.0,CHB_16347,rxn_352
1309,1.0,CHB_15346,rxn_352
1310,1.0,CHB_21949,rxn_352
1311,-1.0,CHB_15539,rxn_353
1312,-1.0,CHB_16347,rxn_353
1313,1.0,CHB_15346,rxn_353
1314,1.0,PBC_107738,rxn_353
1315,-1.0,CHB_17647,rxn_354
1316,1.0,CHB_15361,rxn_354
1317,1.0,CHB_17071,rxn_354
1318,-1.0,CHB_15846,rxn_355
1319,-1.0,CHS_10613168,rxn_355
1320,1.0,CHB_16908,rxn_355
1321,1.0,MAN_10137,rxn_355
1322,-1.0,CHB_18148,rxn_356
1323,-1.0,CHB_61553,rxn_356
1324,1.0,CHB_40595,rxn_356
1325,1.0,CHB_4170,rxn_356
1326,-1.0,CHB_15422,rxn_357
1327,-1.0,CHB_17436,rxn_357
1328,1.0,CHB_15899,rxn_357
1329,1.0,CHB_16761,rxn_357
1330,-1.0,CHB_15377,rxn_358
1331,-1.0,CHB_28637,rxn_358
1332,1.0,CHB_28895,rxn_358
1333,-1.0,CHB_26078,rxn_359
1334,-1.0,CHB_3528,rxn_359
1335,1.0,CHB_16077,rxn_359
1336,1.0,CHB_17057,rxn_359
1337,-1.0,CHB_15422,rxn_360
1338,-1.0,CHB_52742,rxn_360
1339,1.0,CHB_16027,rxn_360
1340,1.0,CHB_17111,rxn_360
1341,-1.0,CHB_18009,rxn_361
1342,-1.0,CHB_48928,rxn_361
1343,1.0,CHB_16474,rxn_361
1344,1.0,CHB_16526,rxn_361
1345,1.0,CHB_17363,rxn_361
1346,-1.0,CHB_30936,rxn_362
1347,1.0,CHB_15377,rxn_362
1348,1.0,CHB_36986,rxn_362
1349,-1.0,CHB_16026,rxn_363
1350,1.0,CHB_30308,rxn_363
1351,-1.0,CHB_15996,rxn_364
1352,-1.0,CHB_16027,rxn_364
1353,1.0,CHB_16761,rxn_364
1354,1.0,CHB_17552,rxn_364
1355,-1.0,CHB_18019,rxn_365
1356,1.0,CHB_15613,rxn_365
1357,-1.0,CHB_15377,rxn_366
1358,-1.0,MAN_10120,rxn_366
1359,1.0,CHB_16810,rxn_366
1360,1.0,CHB_16830,rxn_366
1361,-1.0,CHB_16810,rxn_367
1362,-1.0,CHB_37023,rxn_367
1363,1.0,CHB_15753,rxn_367
1364,1.0,CHB_29985,rxn_367
1365,-1.0,CHB_15846,rxn_368
1366,-1.0,CHB_16122,rxn_368
1367,1.0,CHB_16908,rxn_368
1368,1.0,CHB_17131,rxn_368
1369,-1.0,CHB_15377,rxn_369
1370,-1.0,CHB_15846,rxn_369
1371,-1.0,CHB_16594,rxn_369
1372,1.0,CHB_15914,rxn_369
1373,1.0,CHB_16134,rxn_369
1374,1.0,CHB_16908,rxn_369
1375,-1.0,CHB_15377,rxn_370
1376,-1.0,CHB_17562,rxn_370
1377,1.0,CHB_16134,rxn_370
1378,1.0,CHB_16704,rxn_370
1379,-1.0,CHB_15377,rxn_371
1380,-1.0,PBC_101436,rxn_371
1381,1.0,CHB_16704,rxn_371
1382,1.0,CHB_16830,rxn_371
1383,-1.0,CHB_15422,rxn_372
1384,1.0,CHB_17489,rxn_372
1385,1.0,CHB_18361,rxn_372
1386,-1.0,CHB_15375,rxn_373
1387,-1.0,CHB_18009,rxn_373
1388,1.0,CHB_16095,rxn_373
1389,1.0,CHB_16474,rxn_373
1390,-1.0,CHB_17207,rxn_374
1391,1.0,CHB_16093,rxn_374
1392,-1.0,CHB_16093,rxn_375
1393,1.0,CHB_17081,rxn_375
1394,-1.0,CHB_15377,rxn_376
1395,-1.0,CHB_27470,rxn_376
1396,1.0,CHB_29985,rxn_376
1397,1.0,PBC_95054,rxn_376
1398,-1.0,CHB_15713,rxn_377
1399,-1.0,CHB_16787,rxn_377
1400,1.0,CHB_17200,rxn_377
1401,1.0,CHB_18361,rxn_377
1402,-1.0,CHB_15422,rxn_378
1403,-1.0,CHB_16192,rxn_378
1404,1.0,CHB_16761,rxn_378
1405,1.0,CHB_28862,rxn_378
1406,-1.0,CHB_15422,rxn_379
1407,-1.0,CHB_17345,rxn_379
1408,1.0,CHB_16761,rxn_379
1409,1.0,CHB_17552,rxn_379
1410,-1.0,CHB_15361,rxn_380
1411,-1.0,CHB_26078,rxn_380
1412,1.0,CHB_15350,rxn_380
1413,1.0,CHB_15740,rxn_380
1414,-1.0,PBC_102871,rxn_381
1415,1.0,CHB_15377,rxn_381
1416,1.0,MAN_10003,rxn_381
1417,-1.0,PBC_102871,rxn_382
1418,1.0,CHB_15377,rxn_382
1419,1.0,MAN_10004,rxn_382
1420,-1.0,CHB_15377,rxn_383
1421,-1.0,CHB_15846,rxn_383
1422,-1.0,CHB_21282,rxn_383
1423,1.0,CHB_16134,rxn_383
1424,1.0,CHB_16908,rxn_383
1425,1.0,CHB_27713,rxn_383
1426,-1.0,CHB_17115,rxn_384
1427,-1.0,CHB_18361,rxn_384
1428,1.0,CHB_15811,rxn_384
1429,1.0,CHB_26078,rxn_384
1430,-1.0,CHB_18050,rxn_385
1431,-1.0,PBC_473,rxn_385
1432,1.0,CHB_16643,rxn_385
1433,1.0,CHB_16769,rxn_385
1434,-1.0,CHB_16891,rxn_386
1435,-1.0,CHB_18050,rxn_386
1436,1.0,CHB_15428,rxn_386
1437,1.0,CHB_16769,rxn_386
1438,-1.0,CHB_15361,rxn_387
1439,-1.0,CHB_18050,rxn_387
1440,1.0,CHB_16769,rxn_387
1441,1.0,CHB_16977,rxn_387
1442,-1.0,CHB_18104,rxn_388
1443,1.0,CHB_15361,rxn_388
1444,1.0,CHB_18041,rxn_388
1445,-1.0,CHB_17069,rxn_389
1446,-1.0,CHB_18009,rxn_389
1447,1.0,CHB_16207,rxn_389
1448,1.0,CHB_16474,rxn_389
1449,-1.0,MAN_10090,rxn_390
1450,1.0,CHB_16335,rxn_390
1451,1.0,CHB_27844,rxn_390
1452,-1.0,PBC_91746281,rxn_391
1453,1.0,CHB_17562,rxn_391
1454,1.0,CHB_27844,rxn_391
1455,-1.0,MAN_10036,rxn_392
1456,1.0,CHB_16704,rxn_392
1457,1.0,CHB_27844,rxn_392
1458,-1.0,PBC_94237,rxn_393
1459,1.0,CHB_17562,rxn_393
1460,1.0,CHB_27652,rxn_393
1461,-1.0,MAN_10116,rxn_394
1462,1.0,CHB_16704,rxn_394
1463,1.0,CHB_27652,rxn_394
1464,-1.0,MAN_10008,rxn_395
1465,1.0,CHB_16335,rxn_395
1466,1.0,CHB_28181,rxn_395
1467,-1.0,PBC_107595,rxn_396
1468,1.0,CHB_17562,rxn_396
1469,1.0,CHB_28181,rxn_396
1470,-1.0,PBC_14629610,rxn_397
1471,1.0,CHB_16704,rxn_397
1472,1.0,CHB_28181,rxn_397
1473,-1.0,PBC_97549,rxn_398
1474,1.0,CHB_17562,rxn_398
1475,1.0,CHB_28637,rxn_398
1476,-1.0,MAN_10029,rxn_399
1477,1.0,CHB_16704,rxn_399
1478,1.0,CHB_28637,rxn_399
1479,-1.0,CHB_17754,rxn_400
1480,-1.0,CHB_18009,rxn_400
1481,1.0,CHB_16474,rxn_400
1482,1.0,CHB_17378,rxn_400
1483,-1.0,CHB_16551,rxn_401
1484,-1.0,CHB_26078,rxn_401
1485,1.0,CHB_16077,rxn_401
1486,1.0,CHB_4167,rxn_401
1487,-1.0,CHB_17665,rxn_402
1488,1.0,CHB_17719,rxn_402
1489,-1.0,CHB_15351,rxn_403
1490,-1.0,CHB_15377,rxn_403
1491,-1.0,CHB_16452,rxn_403
1492,1.0,CHB_15346,rxn_403
1493,1.0,CHB_30769,rxn_403
1494,-1.0,CHB_15346,rxn_404
1495,-1.0,CHB_15422,rxn_404
1496,-1.0,CHB_30089,rxn_404
1497,1.0,CHB_15351,rxn_404
1498,1.0,CHB_16761,rxn_404
1499,1.0,CHB_26078,rxn_404
1500,-1.0,CHB_15422,rxn_405
1501,-1.0,CHB_61553,rxn_405
1502,1.0,CHB_16761,rxn_405
1503,1.0,CHB_40595,rxn_405
1504,-1.0,PBC_11966145,rxn_406
1505,1.0,CHB_15351,rxn_406
1506,1.0,CHB_16891,rxn_406
1507,-1.0,CHB_16176,rxn_407
1508,1.0,CHB_4280,rxn_407
1509,-1.0,CHB_16708,rxn_408
1510,-1.0,CHB_28997,rxn_408
1511,1.0,CHB_17256,rxn_408
1512,1.0,CHB_17368,rxn_408
1513,-1.0,CHB_27973,rxn_409
1514,1.0,CHB_61553,rxn_409
1515,-1.0,CHB_27973,rxn_410
1516,1.0,CHB_16842,rxn_410
1517,1.0,CHB_17363,rxn_410
1518,-1.0,CHB_16761,rxn_411
1519,-1.0,MAN_10055,rxn_411
1520,1.0,CHB_16027,rxn_411
1521,1.0,MAN_10054,rxn_411
1522,-1.0,CHB_15351,rxn_412
1523,-1.0,CHB_15740,rxn_412
1524,1.0,CHB_15346,rxn_412
1525,1.0,CHB_15361,rxn_412
1526,-1.0,CHB_15544,rxn_413
1527,-1.0,CHB_15846,rxn_413
1528,1.0,CHB_15548,rxn_413
1529,1.0,CHB_16908,rxn_413
1530,-1.0,CHB_15377,rxn_414
1531,-1.0,CHB_27247,rxn_414
1532,1.0,CHB_27384,rxn_414
1533,-1.0,CHB_45506,rxn_415
1534,1.0,CHB_28552,rxn_415
1535,-1.0,CHB_15377,rxn_416
1536,-1.0,MAN_10150,rxn_416
1537,1.0,CHB_16259,rxn_416
1538,1.0,MAN_10092,rxn_416
1539,-1.0,CHB_15551,rxn_417
1540,-1.0,CHB_15846,rxn_417
1541,1.0,CHB_16908,rxn_417
1542,1.0,CHB_57400,rxn_417
1543,-1.0,CHB_17553,rxn_418
1544,-1.0,CHB_17677,rxn_418
1545,1.0,CHB_16732,rxn_418
1546,1.0,CHB_18361,rxn_418
1547,-1.0,CHB_17745,rxn_419
1548,-1.0,CHB_18009,rxn_419
1549,1.0,CHB_16474,rxn_419
1550,1.0,CHB_16547,rxn_419
1551,-1.0,CHB_15377,rxn_420
1552,-1.0,CHB_18208,rxn_420
1553,1.0,CHB_16705,rxn_420
1554,1.0,CHB_30745,rxn_420
1555,-1.0,CHB_15377,rxn_421
1556,-1.0,CHB_15379,rxn_421
1557,-1.0,PBC_193714,rxn_421
1558,1.0,CHB_16134,rxn_421
1559,1.0,CHB_16240,rxn_421
1560,1.0,PBC_193251,rxn_421
1561,-1.0,CHB_15377,rxn_422
1562,-1.0,CHB_18132,rxn_422
1563,1.0,CHB_15354,rxn_422
1564,1.0,CHB_26078,rxn_422
1565,-1.0,CHB_35374,rxn_423
1566,1.0,CHB_43896,rxn_423
1567,-1.0,CHB_15740,rxn_424
1568,-1.0,CHB_15846,rxn_424
1569,1.0,CHB_16526,rxn_424
1570,1.0,CHB_16908,rxn_424
1571,-1.0,CHB_16881,rxn_425
1572,-1.0,CHB_29052,rxn_425
1573,1.0,CHB_18299,rxn_425
1574,-1.0,CHB_17287,rxn_426
1575,-1.0,PBC_2896,rxn_426
1576,1.0,CHB_16919,rxn_426
1577,1.0,PBC_124896,rxn_426
1578,-1.0,CHB_15377,rxn_427
1579,-1.0,MAN_10171,rxn_427
1580,1.0,CHB_16259,rxn_427
1581,1.0,CHB_17790,rxn_427
1582,-1.0,CHB_15377,rxn_428
1583,-1.0,CHS_109236,rxn_428
1584,1.0,CHB_16259,rxn_428
1585,1.0,CHB_42843,rxn_428
1586,-1.0,CHB_15422,rxn_429
1587,-1.0,CHB_15846,rxn_429
1588,1.0,CHB_16761,rxn_429
1589,1.0,CHB_18009,rxn_429
1590,-1.0,CHB_13705,rxn_430
1591,-1.0,CHB_15351,rxn_430
1592,1.0,CHB_15345,rxn_430
1593,1.0,CHB_30089,rxn_430
1594,-1.0,CHB_16908,rxn_431
1595,-1.0,CHB_18009,rxn_431
1596,1.0,CHB_15846,rxn_431
1597,1.0,CHB_16474,rxn_431
1598,-1.0,MAN_10033,rxn_432
1599,1.0,CHB_18276,rxn_432
1600,1.0,PBC_15939,rxn_432
1601,-1.0,CHB_17677,rxn_433
1602,-1.0,CHB_18132,rxn_433
1603,1.0,CHB_16436,rxn_433
1604,1.0,CHB_18361,rxn_433
1605,-1.0,CHB_15422,rxn_434
1606,-1.0,CHB_17552,rxn_434
1607,1.0,CHB_15996,rxn_434
1608,1.0,CHB_16761,rxn_434
1609,-1.0,CHB_15346,rxn_435
1610,-1.0,CHB_15996,rxn_435
1611,-1.0,CHB_30031,rxn_435
1612,1.0,CHB_15380,rxn_435
1613,1.0,CHB_17552,rxn_435
1614,1.0,CHB_26078,rxn_435
1615,-1.0,CHB_15377,rxn_436
1616,-1.0,CHB_17306,rxn_436
1617,2.0,CHB_4167,rxn_436
1618,-1.0,CHB_15377,rxn_437
1619,-1.0,CHB_61988,rxn_437
1620,2.0,CHB_17306,rxn_437
1621,-1.0,CHB_15846,rxn_438
1622,-1.0,CHB_29052,rxn_438
1623,-1.0,CHS_10454824,rxn_438
1624,1.0,CHB_16908,rxn_438
1625,1.0,MAN_10105,rxn_438
1626,-1.0,CHB_15846,rxn_439
1627,-1.0,CHB_29052,rxn_439
1628,-1.0,CHS_5422719,rxn_439
1629,1.0,CHB_16908,rxn_439
1630,1.0,MAN_10107,rxn_439
1631,-1.0,CHB_15846,rxn_440
1632,-1.0,CHB_29052,rxn_440
1633,-1.0,MAN_10112,rxn_440
1634,1.0,CHB_16908,rxn_440
1635,1.0,MAN_10104,rxn_440
1636,-1.0,CHB_15846,rxn_441
1637,-1.0,CHB_29052,rxn_441
1638,-1.0,MAN_10170,rxn_441
1639,1.0,CHB_16908,rxn_441
1640,1.0,MAN_10108,rxn_441
1641,-1.0,CHB_15846,rxn_442
1642,-1.0,CHB_29052,rxn_442
1643,-1.0,MAN_10007,rxn_442
1644,1.0,CHB_16908,rxn_442
1645,1.0,MAN_10109,rxn_442
1646,-1.0,CHB_15846,rxn_443
1647,-1.0,CHB_29052,rxn_443
1648,-1.0,CHS_10449628,rxn_443
1649,1.0,CHB_16908,rxn_443
1650,1.0,MAN_10106,rxn_443
1651,-1.0,CHB_15846,rxn_444
1652,-1.0,CHB_16215,rxn_444
1653,-1.0,CHB_29052,rxn_444
1654,1.0,CHB_16908,rxn_444
1655,1.0,MAN_10006,rxn_444
1656,-1.0,CHB_15377,rxn_445
1657,-1.0,MAN_10001,rxn_445
1658,1.0,CHB_16532,rxn_445
1659,1.0,CHB_21371,rxn_445
1660,-1.0,CHB_15673,rxn_446
1661,-1.0,CHB_15846,rxn_446
1662,1.0,CHB_16908,rxn_446
1663,1.0,CHS_13906764,rxn_446
1664,-1.0,CHB_15590,rxn_447
1665,1.0,CHB_15361,rxn_447
1666,1.0,CHB_17272,rxn_447
1667,-1.0,CHB_15377,rxn_448
1668,-1.0,CHB_16039,rxn_448
1669,1.0,CHB_17202,rxn_448
1670,1.0,CHB_18361,rxn_448
1671,-1.0,CHB_15377,rxn_449
1672,-1.0,CHB_28189,rxn_449
1673,2.0,CHB_4167,rxn_449
1674,-1.0,CHB_15377,rxn_450
1675,-1.0,CHB_16335,rxn_450
1676,1.0,CHB_16708,rxn_450
1677,1.0,CHB_45506,rxn_450
1678,-1.0,CHB_15846,rxn_451
1679,-1.0,CHB_17987,rxn_451
1680,1.0,CHB_16908,rxn_451
1681,1.0,CHB_17169,rxn_451
1682,-1.0,CHB_17794,rxn_452
1683,-1.0,PBC_123766,rxn_452
1684,1.0,CHB_16001,rxn_452
1685,1.0,PBC_6912713,rxn_452
1686,-1.0,CHB_16919,rxn_453
1687,-1.0,PBC_123766,rxn_453
1688,1.0,CHB_17287,rxn_453
1689,1.0,PBC_6912713,rxn_453
1690,-1.0,CHB_16467,rxn_454
1691,-1.0,PBC_123766,rxn_454
1692,1.0,CHB_18412,rxn_454
1693,1.0,PBC_6912713,rxn_454
1694,-1.0,CHB_15361,rxn_455
1695,-1.0,PBC_123766,rxn_455
1696,1.0,CHB_18021,rxn_455
1697,1.0,PBC_6912713,rxn_455
1698,-1.0,CHB_15589,rxn_456
1699,-1.0,CHB_15846,rxn_456
1700,-1.0,CHB_29985,rxn_456
1701,1.0,CHB_16810,rxn_456
1702,1.0,CHB_16908,rxn_456
1703,1.0,CHB_29991,rxn_456
1704,-1.0,CHB_15377,rxn_457
1705,-1.0,CHB_21557,rxn_457
1706,1.0,CHB_16643,rxn_457
1707,1.0,CHB_30089,rxn_457
1708,-1.0,CHB_15377,rxn_458
1709,-1.0,MAN_10089,rxn_458
1710,1.0,CHB_30745,rxn_458
1711,1.0,CHB_64984,rxn_458
1712,-1.0,CHB_15377,rxn_459
1713,-1.0,CHB_28971,rxn_459
1714,1.0,CHB_16705,rxn_459
1715,1.0,CHB_44962,rxn_459
1716,-1.0,CHB_15377,rxn_460
1717,-1.0,CHB_3534,rxn_460
1718,1.0,CHB_44962,rxn_460
1719,1.0,CHB_64984,rxn_460
1720,-1.0,CHB_15377,rxn_461
1721,-1.0,CHB_3537,rxn_461
1722,1.0,CHB_45807,rxn_461
1723,1.0,MAN_10122,rxn_461
1724,-1.0,CHB_124991,rxn_462
1725,-1.0,CHB_15377,rxn_462
1726,1.0,CHB_2255,rxn_462
1727,1.0,CHB_45807,rxn_462
1728,-1.0,CHB_15377,rxn_463
1729,-1.0,CHB_61222,rxn_463
1730,1.0,CHB_30745,rxn_463
1731,1.0,MAN_10074,rxn_463
1732,-1.0,CHB_15377,rxn_464
1733,-1.0,CHB_27480,rxn_464
1734,1.0,CHB_15428,rxn_464
1735,1.0,CHB_30745,rxn_464
1736,-1.0,CHB_17044,rxn_465
1737,-1.0,CHB_18009,rxn_465
1738,1.0,CHB_16474,rxn_465
1739,1.0,CHB_4170,rxn_465
1740,-1.0,CHB_17203,rxn_466
1741,-1.0,CHB_18009,rxn_466
1742,1.0,CHB_16474,rxn_466
1743,1.0,CHB_58667,rxn_466
1744,-1.0,CHB_15820,rxn_467
1745,1.0,CHB_18038,rxn_467
1746,-1.0,CHB_15377,rxn_468
1747,-1.0,PBC_10972,rxn_468
1748,1.0,CHB_15428,rxn_468
1749,1.0,CHB_30089,rxn_468
1750,-1.0,CHB_15377,rxn_469
1751,-1.0,CHB_40992,rxn_469
1752,1.0,CHB_16977,rxn_469
1753,1.0,CHB_30089,rxn_469
1754,-1.0,CHB_15377,rxn_470
1755,-1.0,CHB_17645,rxn_470
1756,1.0,CHB_30089,rxn_470
1757,1.0,CHB_35619,rxn_470
1758,-1.0,CHB_15377,rxn_471
1759,-1.0,PBC_306142,rxn_471
1760,1.0,CHB_18347,rxn_471
1761,1.0,CHB_30089,rxn_471
1762,-1.0,CHB_15377,rxn_472
1763,-1.0,PBC_5708661,rxn_472
1764,1.0,CHB_18314,rxn_472
1765,1.0,CHB_30089,rxn_472
1766,-1.0,CHB_15377,rxn_473
1767,-1.0,CHB_17794,rxn_473
1768,1.0,CHB_16659,rxn_473
1769,1.0,CHB_26078,rxn_473
1770,-1.0,CHB_16977,rxn_474
1771,-1.0,CHB_30841,rxn_474
1772,1.0,CHB_15361,rxn_474
1773,1.0,CHB_17115,rxn_474
1774,-1.0,CHB_15377,rxn_475
1775,-1.0,CHB_16452,rxn_475
1776,1.0,CHB_15361,rxn_475
1777,1.0,CHB_17544,rxn_475
1778,-1.0,CHB_17345,rxn_476
1779,-1.0,CHB_17368,rxn_476
1780,1.0,CHB_16235,rxn_476
1781,1.0,CHB_17202,rxn_476
1782,-1.0,CHB_16919,rxn_477
1783,-1.0,MAN_10160,rxn_477
1784,1.0,CHB_17287,rxn_477
1785,1.0,CHB_40730,rxn_477
1786,-1.0,CHB_16264,rxn_478
1787,1.0,CHB_16650,rxn_478
1788,-1.0,CHB_15694,rxn_479
1789,1.0,CHB_16856,rxn_479
1790,1.0,CHB_17158,rxn_479
1791,-1.0,CHB_15589,rxn_480
1792,-1.0,CHB_15846,rxn_480
1793,1.0,CHB_15361,rxn_480
1794,1.0,CHB_16526,rxn_480
1795,1.0,CHB_16908,rxn_480
1796,-1.0,CHB_15740,rxn_481
1797,-1.0,CHB_18009,rxn_481
1798,1.0,CHB_16474,rxn_481
1799,1.0,CHB_16526,rxn_481
1800,-1.0,CHB_18361,rxn_482
1801,-1.0,CHB_61553,rxn_482
1802,1.0,CHB_26078,rxn_482
1803,1.0,CHB_40595,rxn_482
1804,-2.0,CHB_15633,rxn_483
1805,1.0,CHB_15635,rxn_483
1806,1.0,CHB_27470,rxn_483
1807,-1.0,CHB_15582,rxn_484
1808,1.0,CHB_15377,rxn_484
1809,1.0,CHB_17081,rxn_484
1810,-1.0,CHB_15377,rxn_485
1811,-1.0,MAN_10127,rxn_485
1812,1.0,CHS_2006119,rxn_485
1813,1.0,CHS_643364,rxn_485
1814,-1.0,CHB_17296,rxn_486
1815,-1.0,CHB_18385,rxn_486
1816,1.0,CHB_17957,rxn_486
1817,1.0,MAN_10118,rxn_486
1818,-1.0,CHB_17154,rxn_487
1819,-1.0,CHB_18385,rxn_487
1820,1.0,CHB_17957,rxn_487
1821,1.0,MAN_10117,rxn_487
1822,-1.0,CHB_15846,rxn_488
1823,-1.0,CHB_1989,rxn_488
1824,1.0,CHB_15638,rxn_488
1825,1.0,CHB_16908,rxn_488
1826,-1.0,CHB_37050,rxn_489
1827,1.0,CHB_15377,rxn_489
1828,1.0,CHB_15473,rxn_489
1829,-1.0,CHB_15377,rxn_490
1830,-1.0,CHB_15422,rxn_490
1831,1.0,CHB_16761,rxn_490
1832,1.0,CHB_26078,rxn_490
1833,-1.0,CHB_16474,rxn_491
1834,-1.0,CHB_57706,rxn_491
1835,1.0,CHB_16724,rxn_491
1836,1.0,CHB_18009,rxn_491
1837,-1.0,CHB_15377,rxn_492
1838,-1.0,MAN_10095,rxn_492
1839,1.0,CHB_16335,rxn_492
1840,-1.0,CHB_17436,rxn_493
1841,-1.0,MAN_10173,rxn_493
1842,1.0,CHB_15899,rxn_493
1843,1.0,MAN_10174,rxn_493
1844,-1.0,CHB_17436,rxn_494
1845,-1.0,PBC_123766,rxn_494
1846,1.0,CHB_15899,rxn_494
1847,1.0,PBC_6912713,rxn_494
1848,-1.0,CHB_17436,rxn_495
1849,-1.0,PBC_440317,rxn_495
1850,1.0,CHB_16761,rxn_495
1851,1.0,MAN_10035,rxn_495
1852,-1.0,CHB_15428,rxn_496
1853,-1.0,CHB_30313,rxn_496
1854,1.0,CHB_16526,rxn_496
1855,1.0,MAN_10149,rxn_496
1856,-1.0,CHB_17203,rxn_497
1857,-1.0,CHB_18009,rxn_497
1858,1.0,CHB_16474,rxn_497
1859,1.0,CHB_36761,rxn_497
1860,-1.0,CHB_15377,rxn_498
1861,-1.0,CHB_18009,rxn_498
1862,-1.0,CHB_4170,rxn_498
1863,1.0,CHB_16474,rxn_498
1864,1.0,CHB_48928,rxn_498
1865,-1.0,CHB_15377,rxn_499
1866,-1.0,CHB_16027,rxn_499
1867,1.0,CHB_16708,rxn_499
1868,1.0,CHB_52742,rxn_499
1869,-1.0,CHB_15377,rxn_500
1870,-1.0,CHB_36219,rxn_500
1871,1.0,CHB_4139,rxn_500
1872,1.0,CHB_4167,rxn_500
1873,-1.0,CHB_15422,rxn_501
1874,-1.0,CHB_16761,rxn_501
1875,1.0,CHB_16027,rxn_501
1876,1.0,CHB_18334,rxn_501
1877,-1.0,CHB_15377,rxn_502
1878,-1.0,CHB_15846,rxn_502
1879,-1.0,CHB_857,rxn_502
1880,1.0,CHB_15361,rxn_502
1881,1.0,CHB_16908,rxn_502
1882,1.0,CHB_16977,rxn_502
1883,-1.0,CHB_15377,rxn_503
1884,-1.0,CHB_15846,rxn_503
1885,-1.0,CHB_16439,rxn_503
1886,1.0,CHB_15361,rxn_503
1887,1.0,CHB_15428,rxn_503
1888,1.0,CHB_16908,rxn_503
1889,-1.0,CHB_15377,rxn_504
1890,-1.0,CHB_15805,rxn_504
1891,-1.0,CHB_15846,rxn_504
1892,1.0,CHB_15361,rxn_504
1893,1.0,CHB_16467,rxn_504
1894,1.0,CHB_16908,rxn_504
1895,-1.0,CHB_15968,rxn_505
1896,-1.0,CHB_17287,rxn_505
1897,1.0,CHB_16919,rxn_505
1898,1.0,MAN_10076,rxn_505
1899,-1.0,CHB_16240,rxn_506
1900,-1.0,CHB_18022,rxn_506
1901,1.0,CHB_15377,rxn_506
1902,1.0,MAN_10119,rxn_506
1903,-1.0,CHB_17509,rxn_507
1904,-1.0,CHB_26078,rxn_507
1905,1.0,CHB_16708,rxn_507
1906,1.0,CHB_27859,rxn_507
1907,-1.0,CHS_9553766,rxn_508
1908,1.0,PBC_441032,rxn_508
1909,-1.0,CHB_4093,rxn_509
1910,1.0,CHS_9553766,rxn_509
1911,-1.0,CHB_15846,rxn_510
1912,-1.0,CHB_32796,rxn_510
1913,1.0,CHB_16810,rxn_510
1914,1.0,CHB_16908,rxn_510
1915,-1.0,CHB_17672,rxn_511
1916,-1.0,CHB_29991,rxn_511
1917,1.0,CHB_15859,rxn_511
1918,1.0,CHB_26078,rxn_511
1919,-1.0,CHB_18009,rxn_512
1920,-1.0,CHB_36602,rxn_512
1921,1.0,CHB_11449,rxn_512
1922,1.0,CHB_16474,rxn_512
1923,-1.0,CHB_15842,rxn_513
1924,-1.0,PBC_5289158,rxn_513
1925,1.0,CHB_30839,rxn_513
1926,1.0,PBC_6913076,rxn_513
1927,-1.0,CHB_310312,rxn_514
1928,1.0,CHB_28777,rxn_514
1929,-1.0,CHB_16709,rxn_515
1930,-1.0,CHB_18009,rxn_515
1931,1.0,CHB_16474,rxn_515
1932,1.0,CHB_17310,rxn_515
1933,-1.0,CHB_15377,rxn_516
1934,-1.0,CHB_16454,rxn_516
1935,1.0,CHB_14737,rxn_516
1936,1.0,CHB_16958,rxn_516
1937,-1.0,CHB_15422,rxn_517
1938,-1.0,CHB_16344,rxn_517
1939,1.0,CHB_16034,rxn_517
1940,1.0,CHB_16761,rxn_517
1941,-1.0,CHB_15422,rxn_518
1942,-1.0,CHB_16585,rxn_518
1943,1.0,CHB_16761,rxn_518
1944,1.0,CHB_18039,rxn_518
1945,-1.0,CHB_15846,rxn_519
1946,-1.0,PBC_9589,rxn_519
1947,1.0,CHB_17154,rxn_519
1948,1.0,PBC_123927,rxn_519
1949,-1.0,CHB_16171,rxn_520
1950,-1.0,PBC_9589,rxn_520
1951,1.0,CHB_17154,rxn_520
1952,1.0,MAN_10115,rxn_520
1953,-1.0,CHB_16347,rxn_521
1954,1.0,CHB_15377,rxn_521
1955,1.0,CHB_1774,rxn_521
1956,-1.0,CHB_15422,rxn_522
1957,-1.0,PBC_2896,rxn_522
1958,1.0,CHB_16761,rxn_522
1959,1.0,PBC_124896,rxn_522
1960,-1.0,CHB_15377,rxn_523
1961,-1.0,MAN_10175,rxn_523
1962,1.0,CHB_26078,rxn_523
1963,1.0,CHB_30742,rxn_523
1964,-1.0,CHB_15846,rxn_524
1965,-1.0,CHB_18333,rxn_524
1966,1.0,CHB_16908,rxn_524
1967,1.0,CHB_28552,rxn_524
1968,-1.0,CHB_15377,rxn_525
1969,-1.0,CHB_28066,rxn_525
1970,2.0,CHB_4167,rxn_525
1971,-1.0,CHB_15377,rxn_526
1972,-1.0,CHB_17616,rxn_526
1973,1.0,CHB_15756,rxn_526
1974,1.0,CHB_50211,rxn_526
1975,-1.0,CHB_16134,rxn_527
1976,-1.0,CHB_29748,rxn_527
1977,1.0,CHB_15377,rxn_527
1978,1.0,CHB_35181,rxn_527
1979,-1.0,CHB_26078,rxn_528
1980,-1.0,CHB_45996,rxn_528
1981,1.0,CHB_17821,rxn_528
1982,1.0,CHB_35425,rxn_528
1983,-1.0,CHB_17596,rxn_529
1984,-1.0,CHB_17821,rxn_529
1985,1.0,CHB_17368,rxn_529
1986,1.0,CHB_45996,rxn_529
1987,-1.0,MAN_10017,rxn_530
1988,1.0,MAN_10018,rxn_530
1989,-1.0,CHB_15377,rxn_531
1990,-1.0,CHB_17596,rxn_531
1991,1.0,CHB_17368,rxn_531
1992,1.0,CHB_45506,rxn_531
1993,-1.0,CHB_15846,rxn_532
1994,-1.0,CHB_16813,rxn_532
1995,1.0,CHB_16908,rxn_532
1996,1.0,CHB_4249,rxn_532
1997,-1.0,MAN_10153,rxn_533
1998,1.0,MAN_10101,rxn_533
1999,-1.0,CHB_15422,rxn_534
2000,-1.0,MAN_10113,rxn_534
2001,1.0,CHB_16761,rxn_534
2002,1.0,MAN_10153,rxn_534
2003,-1.0,CHB_18009,rxn_535
2004,-1.0,CHB_30633,rxn_535
2005,1.0,CHB_16474,rxn_535
2006,1.0,CHB_30912,rxn_535
2007,-1.0,CHB_15377,rxn_536
2008,-1.0,CHB_16551,rxn_536
2009,2.0,CHB_4167,rxn_536
2010,-1.0,CHB_15377,rxn_537
2011,-1.0,PBC_11823089,rxn_537
2012,1.0,CHB_4139,rxn_537
2013,1.0,CHB_46994,rxn_537
2014,-1.0,CHB_15377,rxn_538
2015,-1.0,CHB_6359,rxn_538
2016,1.0,CHB_37721,rxn_538
2017,1.0,CHB_4139,rxn_538
2018,-1.0,CHB_15377,rxn_539
2019,-1.0,CHB_28053,rxn_539
2020,1.0,CHB_4139,rxn_539
2021,1.0,CHB_4167,rxn_539
2022,-1.0,CHB_1989,rxn_540
2023,-1.0,PBC_123926,rxn_540
2024,1.0,CHB_15638,rxn_540
2025,1.0,MAN_10059,rxn_540
2026,-1.0,CHB_15377,rxn_541
2027,-1.0,CHB_36229,rxn_541
2028,1.0,CHB_4139,rxn_541
2029,1.0,CHB_4167,rxn_541
2030,-1.0,CHB_15377,rxn_542
2031,-1.0,PBC_66789,rxn_542
2032,1.0,CHB_16414,rxn_542
2033,1.0,CHB_30089,rxn_542
2034,-1.0,CHB_15422,rxn_543
2035,-1.0,CHB_18026,rxn_543
2036,1.0,CHB_18361,rxn_543
2037,1.0,MAN_10046,rxn_543
2038,-1.0,CHB_15422,rxn_544
2039,-1.0,CHB_30754,rxn_544
2040,1.0,CHB_18361,rxn_544
2041,1.0,MAN_10049,rxn_544
2042,-1.0,CHB_15422,rxn_545
2043,-1.0,CHB_42682,rxn_545
2044,1.0,CHB_18361,rxn_545
2045,1.0,MAN_10053,rxn_545
2046,-1.0,CHB_15422,rxn_546
2047,-1.0,CHS_61787,rxn_546
2048,1.0,CHB_18361,rxn_546
2049,1.0,MAN_10052,rxn_546
2050,-1.0,CHB_15422,rxn_547
2051,-1.0,CHB_15793,rxn_547
2052,1.0,CHB_18361,rxn_547
2053,1.0,MAN_10045,rxn_547
2054,-1.0,CHB_15422,rxn_548
2055,-1.0,CHB_30764,rxn_548
2056,1.0,CHB_18361,rxn_548
2057,1.0,MAN_10050,rxn_548
2058,-1.0,CHB_10589,rxn_549
2059,-1.0,CHB_15422,rxn_549
2060,1.0,CHB_18361,rxn_549
2061,1.0,MAN_10044,rxn_549
2062,-1.0,CHB_15422,rxn_550
2063,-1.0,CHB_30753,rxn_550
2064,1.0,CHB_18361,rxn_550
2065,1.0,MAN_10048,rxn_550
2066,-1.0,CHB_15422,rxn_551
2067,-1.0,CHB_30763,rxn_551
2068,1.0,CHB_18361,rxn_551
2069,1.0,CHB_86433,rxn_551
2070,-1.0,CHB_15422,rxn_552
2071,-1.0,CHB_36635,rxn_552
2072,1.0,CHB_18361,rxn_552
2073,1.0,MAN_10051,rxn_552
2074,-1.0,CHB_15422,rxn_553
2075,-1.0,CHB_30746,rxn_553
2076,1.0,CHB_18361,rxn_553
2077,1.0,MAN_10047,rxn_553
2078,-1.0,CHB_15377,rxn_554
2079,-1.0,CHB_16027,rxn_554
2080,1.0,CHB_16335,rxn_554
2081,1.0,CHB_26078,rxn_554
2082,-1.0,CHB_35425,rxn_555
2083,1.0,CHB_52742,rxn_555
2084,-1.0,CHB_16235,rxn_556
2085,-1.0,CHB_17111,rxn_556
2086,1.0,CHB_17345,rxn_556
2087,1.0,CHB_18361,rxn_556
2088,-1.0,CHB_17111,rxn_557
2089,-1.0,CHB_17368,rxn_557
2090,1.0,CHB_17202,rxn_557
2091,1.0,CHB_18361,rxn_557
2092,-1.0,CHB_18107,rxn_558
2093,-1.0,CHB_26078,rxn_558
2094,1.0,CHB_17712,rxn_558
2095,1.0,CHB_35425,rxn_558
2096,-1.0,CHB_15377,rxn_559
2097,-1.0,PBC_78357834,rxn_559
2098,1.0,CHB_17306,rxn_559
2099,1.0,CHB_495055,rxn_559
2100,-1.0,CHB_15377,rxn_560
2101,-1.0,PBC_5497164,rxn_560
2102,1.0,CHB_16196,rxn_560
2103,1.0,PBC_5283468,rxn_560
2104,-1.0,CHB_15377,rxn_561
2105,-1.0,PBC_5283468,rxn_561
2106,1.0,CHB_16196,rxn_561
2107,1.0,CHB_17754,rxn_561
2108,-1.0,CHB_15377,rxn_562
2109,-1.0,PBC_5497163,rxn_562
2110,1.0,CHB_16196,rxn_562
2111,1.0,PBC_5497164,rxn_562
2112,-1.0,CHB_15377,rxn_563
2113,-1.0,CHB_15428,rxn_563
2114,-1.0,MAN_10165,rxn_563
2115,1.0,CHB_17115,rxn_563
2116,1.0,MAN_10005,rxn_563
2117,-1.0,CHB_15377,rxn_564
2118,-1.0,CHB_17202,rxn_564
2119,1.0,CHB_17596,rxn_564
2120,1.0,CHB_26078,rxn_564
2121,-1.0,CHB_18066,rxn_565
2122,-1.0,CHB_30023,rxn_565
2123,1.0,CHB_17659,rxn_565
2124,1.0,CHB_18428,rxn_565
2125,-1.0,MAN_10129,rxn_566
2126,1.0,MAN_10128,rxn_566
2127,-1.0,CHB_15763,rxn_567
2128,-1.0,CHB_18361,rxn_567
2129,1.0,CHB_15940,rxn_567
2130,1.0,CHB_17111,rxn_567
2131,-1.0,CHB_30934,rxn_568
2132,1.0,CHB_15377,rxn_568
2133,1.0,CHB_30719,rxn_568
2134,-1.0,CHB_15588,rxn_569
2135,1.0,CHB_15377,rxn_569
2136,1.0,CHB_30780,rxn_569
2137,-1.0,CHB_16856,rxn_570
2138,-1.0,CHB_61748,rxn_570
2139,1.0,MAN_10019,rxn_570
2140,-1.0,CHB_16856,rxn_571
2141,-1.0,PBC_5317045,rxn_571
2142,1.0,MAN_10020,rxn_571
2143,-1.0,CHB_16856,rxn_572
2144,-1.0,PBC_5364532,rxn_572
2145,1.0,MAN_10022,rxn_572
2146,-1.0,CHB_16856,rxn_573
2147,-1.0,PBC_5364399,rxn_573
2148,1.0,MAN_10021,rxn_573
2149,-1.0,CHB_15377,rxn_574
2150,-1.0,CHB_18208,rxn_574
2151,1.0,CHB_61222,rxn_574
2152,-1.0,CHB_15377,rxn_575
2153,-1.0,CHB_28971,rxn_575
2154,1.0,PBC_6453491,rxn_575
2155,-1.0,CHB_15351,rxn_576
2156,-1.0,CHB_17115,rxn_576
2157,1.0,CHB_15346,rxn_576
2158,1.0,CHB_17981,rxn_576
2159,-1.0,CHB_16899,rxn_577
2160,-1.0,CHB_18009,rxn_577
2161,1.0,CHB_16474,rxn_577
2162,1.0,CHB_37721,rxn_577
2163,-1.0,CHB_15377,rxn_578
2164,-1.0,CHB_16828,rxn_578
2165,1.0,CHB_15361,rxn_578
2166,1.0,CHB_16134,rxn_578
2167,1.0,CHB_16881,rxn_578
2168,-1.0,CHB_16856,rxn_579
2169,-1.0,CHB_78399,rxn_579
2170,1.0,MAN_10125,rxn_579
2171,-1.0,CHB_16264,rxn_580
2172,-1.0,PBC_447809,rxn_580
2173,1.0,CHB_26078,rxn_580
2174,1.0,MAN_10098,rxn_580
2175,-1.0,CHB_15377,rxn_581
2176,-1.0,CHB_18009,rxn_581
2177,-1.0,CHB_1989,rxn_581
2178,1.0,CHB_15637,rxn_581
2179,1.0,CHB_16474,rxn_581
2180,-1.0,CHB_15377,rxn_582
2181,-1.0,MAN_10110,rxn_582
2182,1.0,CHB_16236,rxn_582
2183,1.0,CHB_16259,rxn_582
2184,-1.0,CHB_15968,rxn_583
2185,-1.0,CHB_17287,rxn_583
2186,1.0,CHB_16919,rxn_583
2187,1.0,MAN_10077,rxn_583
2188,-1.0,CHB_16069,rxn_584
2189,-1.0,CHB_18066,rxn_584
2190,1.0,CHB_16077,rxn_584
2191,1.0,MAN_10064,rxn_584
2192,-1.0,CHB_18021,rxn_585
2193,1.0,CHB_30935,rxn_585
2194,-1.0,CHB_15377,rxn_586
2195,-1.0,MAN_10093,rxn_586
2196,1.0,CHB_16918,rxn_586
2197,1.0,CHB_28831,rxn_586
2198,-1.0,CHB_11060,rxn_587
2199,-1.0,CHB_15846,rxn_587
2200,1.0,CHB_16758,rxn_587
2201,1.0,CHB_16908,rxn_587
2202,-1.0,CHB_15377,rxn_588
2203,-1.0,PBC_10357,rxn_588
2204,2.0,CHB_4167,rxn_588
2205,-1.0,CHB_15377,rxn_589
2206,-1.0,MAN_10161,rxn_589
2207,2.0,CHB_4208,rxn_589
2208,-1.0,CHB_15377,rxn_590
2209,-1.0,MAN_10027,rxn_590
2210,1.0,CHB_28543,rxn_590
2211,1.0,CHB_4167,rxn_590
2212,-1.0,CHB_15377,rxn_591
2213,-1.0,CHS_21468848,rxn_591
2214,1.0,CHB_37721,rxn_591
2215,1.0,CHB_4167,rxn_591
2216,-1.0,CHB_15377,rxn_592
2217,-1.0,MAN_10163,rxn_592
2218,2.0,CHB_4139,rxn_592
2219,-1.0,CHB_15377,rxn_593
2220,-1.0,MAN_10162,rxn_593
2221,2.0,CHB_4208,rxn_593
2222,-1.0,CHB_15377,rxn_594
2223,-1.0,CHB_61827,rxn_594
2224,1.0,CHB_4139,rxn_594
2225,1.0,CHB_4167,rxn_594
2226,-1.0,MAN_10040,rxn_595
2227,1.0,CHB_15361,rxn_595
2228,1.0,CHB_4208,rxn_595
2229,-1.0,CHB_17202,rxn_596
2230,-1.0,CHB_18361,rxn_596
2231,1.0,CHB_17111,rxn_596
2232,1.0,CHB_17368,rxn_596
2233,-1.0,CHB_16977,rxn_597
2234,-1.0,CHB_18090,rxn_597
2235,1.0,CHB_15361,rxn_597
2236,1.0,CHB_15725,rxn_597
2237,-1.0,CHB_15377,rxn_598
2238,-1.0,CHB_2676,rxn_598
2239,1.0,CHB_15695,rxn_598
2240,1.0,CHB_16705,rxn_598
2241,-1.0,CHB_15354,rxn_599
2242,-1.0,CHB_15422,rxn_599
2243,1.0,CHB_16761,rxn_599
2244,1.0,CHB_18132,rxn_599
2245,-1.0,CHB_15377,rxn_600
2246,-1.0,CHB_15520,rxn_600
2247,1.0,CHB_15505,rxn_600
2248,-1.0,CHB_28181,rxn_601
2249,-1.0,CHB_30742,rxn_601
2250,1.0,MAN_10024,rxn_601
2251,-1.0,CHB_16810,rxn_602
2252,-1.0,CHB_17295,rxn_602
2253,1.0,CHB_29985,rxn_602
2254,1.0,CHB_30851,rxn_602
2255,-1.0,CHB_16810,rxn_603
2256,-1.0,CHB_17895,rxn_603
2257,1.0,CHB_29985,rxn_603
2258,1.0,CHB_36242,rxn_603
2259,-1.0,CHB_30863,rxn_604
2260,-1.0,CHB_30864,rxn_604
2261,1.0,CHB_30839,rxn_604
2262,1.0,MAN_10148,rxn_604
2263,-1.0,CHB_15846,rxn_605
2264,-1.0,PBC_161843,rxn_605
2265,1.0,CHB_16908,rxn_605
2266,1.0,PBC_193291,rxn_605
2267,-1.0,CHB_15589,rxn_606
2268,-1.0,PBC_123927,rxn_606
2269,1.0,CHB_16452,rxn_606
2270,1.0,MAN_10009,rxn_606
2271,-1.0,CHB_15811,rxn_607
2272,-1.0,CHB_16810,rxn_607
2273,1.0,CHB_18110,rxn_607
2274,1.0,CHB_29985,rxn_607
2275,-1.0,CHB_15377,rxn_608
2276,-1.0,CHB_15996,rxn_608
2277,1.0,MAN_10155,rxn_608
2278,-1.0,CHB_17032,rxn_609
2279,1.0,CHB_15361,rxn_609
2280,1.0,CHB_17378,rxn_609
2281,-1.0,CHB_16128,rxn_610
2282,-1.0,CHB_16908,rxn_610
2283,1.0,CHB_15774,rxn_610
2284,1.0,CHB_15846,rxn_610
2285,-1.0,CHB_16908,rxn_611
2286,-1.0,CHB_45868,rxn_611
2287,1.0,CHB_15774,rxn_611
2288,1.0,CHB_15846,rxn_611
2289,-1.0,CHB_15377,rxn_612
2290,-1.0,CHB_2700,rxn_612
2291,1.0,CHB_15843,rxn_612
2292,1.0,CHB_16000,rxn_612
2293,-1.0,CHB_15377,rxn_613
2294,-1.0,CHB_71464,rxn_613
2295,1.0,CHB_15756,rxn_613
2296,1.0,CHB_16000,rxn_613
2297,-1.0,CHB_15377,rxn_614
2298,-1.0,CHB_3480,rxn_614
2299,1.0,CHB_17656,rxn_614
2300,1.0,MAN_10023,rxn_614
2301,-1.0,CHB_15361,rxn_615
2302,-1.0,CHB_15377,rxn_615
2303,-1.0,CHB_15422,rxn_615
2304,1.0,CHB_16027,rxn_615
2305,1.0,CHB_18021,rxn_615
2306,1.0,CHB_26078,rxn_615
2307,-1.0,CHB_13941,rxn_616
2308,-1.0,CHB_15377,rxn_616
2309,1.0,CHB_16134,rxn_616
2310,1.0,CHB_17544,rxn_616
2311,-1.0,CHB_15637,rxn_617
2312,-1.0,CHB_18406,rxn_617
2313,1.0,CHB_15635,rxn_617
2314,1.0,CHB_18381,rxn_617
2315,-1.0,CHB_17544,rxn_618
2316,-1.0,CHB_28843,rxn_618
2317,1.0,CHB_15377,rxn_618
2318,1.0,CHB_28413,rxn_618
2319,-1.0,CHB_16842,rxn_619
2320,-1.0,CHB_17363,rxn_619
2321,1.0,CHB_27973,rxn_619
2322,-1.0,CHB_15428,rxn_620
2323,-1.0,CHB_15635,rxn_620
2324,-1.0,CHB_15846,rxn_620
2325,1.0,CHB_16134,rxn_620
2326,1.0,CHB_16526,rxn_620
2327,1.0,CHB_16908,rxn_620
2328,1.0,CHB_1989,rxn_620
2329,-1.0,CHB_15635,rxn_621
2330,-1.0,CHB_16842,rxn_621
2331,1.0,CHB_15377,rxn_621
2332,1.0,CHB_1989,rxn_621
2333,-1.0,CHB_16842,rxn_622
2334,-1.0,CHB_41218,rxn_622
2335,1.0,MAN_10114,rxn_622
2336,-1.0,CHB_13941,rxn_623
2337,-1.0,CHB_15422,rxn_623
2338,1.0,CHB_16761,rxn_623
2339,1.0,CHB_17672,rxn_623
